排名,球员姓名,位置,球队,综合mu,综合sigma,综合保守评分,国家队_mu,国家队_sigma,俱乐部_mu,俱乐部_sigma,总出场
1,Michael Olise,FW,FRA,38.65,4.4,25.45,32.02,5.78,43.07,6.24,42
2,Luis Díaz,FW,COL,36.75,3.85,25.2,36.31,5.41,37.05,5.31,53
3,Lamine Yamal,FW,ESP,37.06,3.99,25.09,34.65,5.35,38.67,5.61,32
4,Kylian Mbappé (captain),FW,FRA,37.12,4.06,24.94,37.73,5.66,36.72,5.61,39
5,Ederson,GK,BRA,43.07,6.24,24.35,43.07,6.24,,,11
6,Morgan Rogers,MF,ENG,35.03,3.84,23.51,33.7,5.55,35.91,5.22,10
7,Nick Woltemade,FW,GER,34.6,3.7,23.5,35.03,5.23,34.32,5.08,9
8,Scott McTominay,MF,SCO,34.77,3.79,23.4,34.65,5.34,34.85,5.21,42
9,Lisandro Martínez,DF,ARG,37.59,4.76,23.31,30.6,7.17,42.25,6.34,76
10,Jorrel Hato,DF,NED,34.49,3.8,23.09,31.5,5.16,36.48,5.32,2
11,Ibrahim Maza,MF,ALG,34.56,3.83,23.07,30.22,5.48,37.46,5.24,6
12,Pedro Neto,FW,POR,34.3,3.89,22.63,34.44,5.2,34.21,5.48,42
13,Gregor Kobel,GK,SUI,39.12,5.54,22.5,39.12,5.54,,,8
14,Deniz Undav,FW,GER,33.67,3.79,22.3,32.93,5.35,34.16,5.21,32
15,Raphinha,FW,BRA,33.84,3.86,22.26,34.59,5.27,33.34,5.38,16
16,Habib Diarra,MF,SEN,33.19,3.76,21.91,30.29,5.17,35.13,5.23,8
17,Noni Madueke,FW,ENG,34.56,4.24,21.84,30.6,7.17,37.2,5.21,4
18,Jørgen Strand Larsen,FW,NOR,34.4,4.3,21.5,30.6,7.17,36.94,5.34,8
19,Achraf Hakimi (captain),DF,MAR,40.83,6.53,21.24,40.83,6.53,,,9
20,Andy Robertson (captain),DF,SCO,36.62,5.17,21.11,,,36.62,5.17,0
21,Ollie Watkins,FW,ENG,32.39,3.77,21.08,29.79,5.35,34.12,5.18,39
22,Omar Marmoush,FW,EGY,33.54,4.18,21.0,29.23,7.03,36.42,5.15,10
23,Cristian Romero,DF,ARG,33.45,4.18,20.91,27.73,6.92,37.27,5.22,19
24,Bruno Fernandes,MF,POR,32.48,3.87,20.87,30.73,5.26,33.64,5.42,8
25,Lamine Camara,MF,SEN,33.62,4.26,20.84,29.23,7.03,36.55,5.33,12
26,Gonçalo Inácio,DF,POR,36.47,5.21,20.84,36.47,5.21,,,5
27,Rafael Leão,FW,POR,33.4,4.2,20.8,27.73,6.92,37.18,5.27,4
28,Christian Pulisic (captain),FW,USA,33.52,4.25,20.77,29.23,7.03,36.38,5.32,4
29,Víctor Muñoz,FW,ESP,32.2,3.81,20.77,29.69,5.07,33.88,5.38,2
30,Amine Gouiri,FW,ALG,31.87,3.71,20.74,32.64,5.11,31.35,5.17,12
31,Marc Guéhi,DF,ENG,33.14,4.19,20.57,30.6,7.17,34.84,5.1,5
32,Nicolás González,MF,ARG,32.09,3.85,20.54,32.35,5.34,31.92,5.33,15
33,Felix Nmecha,MF,GER,32.74,4.16,20.26,26.13,6.83,37.14,5.22,4
34,Johan Manzambi,MF,SUI,32.82,4.2,20.22,27.73,6.92,36.21,5.27,10
35,Bruno Guimarães,MF,BRA,36.05,5.31,20.12,36.05,5.31,,,20
36,Matheus Cunha,FW,BRA,32.8,4.23,20.11,30.6,7.17,34.26,5.19,12
37,Nathaniel Brown,DF,GER,35.28,5.08,20.04,35.28,5.08,,,5
38,Diogo Costa,GK,POR,36.53,5.5,20.03,36.53,5.5,,,6
39,Patrik Schick,FW,CZE,31.12,3.76,19.84,30.71,5.56,31.4,5.06,37
40,Mohamed Salah (captain),FW,EGY,30.97,3.75,19.72,28.98,5.41,32.29,5.11,10
41,Nico Paz,FW,ARG,32.49,4.27,19.68,27.73,6.92,35.66,5.41,43
42,Erling Haaland,FW,NOR,34.62,5.06,19.44,40.64,6.64,30.6,7.17,46
43,Antonio Nusa,MF,NOR,30.91,3.92,19.15,29.09,5.45,32.13,5.43,10
44,Harry Kane (captain),FW,ENG,31.73,4.21,19.1,24.45,6.76,36.58,5.37,41
45,Gonçalo Ramos,FW,POR,30.57,3.83,19.08,31.51,5.06,29.94,5.42,8
46,João Neves,MF,POR,35.28,5.46,18.9,35.28,5.46,,,5
47,Pedri,MF,ESP,34.27,5.13,18.88,34.27,5.13,,,7
48,José Manuel López,FW,ARG,30.27,3.81,18.84,28.46,5.44,31.47,5.21,3
49,Chris Wood (captain),FW,NZL,30.4,3.87,18.79,30.57,5.31,30.29,5.39,7
50,Can Uzun,FW,TUR,34.04,5.18,18.5,34.04,5.18,,,3
51,Cody Gakpo,FW,NED,33.9,5.14,18.48,33.9,5.14,,,12
52,Takefusa Kubo,MF,JPN,37.59,6.39,18.42,37.59,6.39,,,15
53,Folarin Balogun,FW,USA,31.46,4.35,18.41,29.23,7.03,32.94,5.53,35
54,Brenden Aaronson,FW,USA,29.88,3.85,18.33,28.35,5.3,30.9,5.36,2
55,Martin Ødegaard (captain),MF,NOR,34.58,5.42,18.32,34.58,5.42,,,6
56,Ismael Saibari,MF,MAR,30.78,4.17,18.27,26.13,6.83,33.88,5.26,36
57,Christoph Baumgartner,MF,AUT,38.69,6.9,17.99,,,38.69,6.9,33
58,Jaminton Campaz,MF,COL,29.48,3.84,17.96,26.58,5.26,31.42,5.35,43
59,Donyell Malen,FW,NED,32.25,4.8,17.85,34.72,5.34,30.6,7.17,29
60,Jarell Quansah,DF,ENG,32.33,4.83,17.84,34.93,5.48,30.6,7.17,2
61,Son Heung-min (captain),FW,KOR,33.6,5.27,17.79,33.6,5.27,,,17
62,Abdul Fatawu,FW,GHA,33.38,5.2,17.78,33.38,5.2,,,7
63,Jamal Musiala,MF,GER,33.93,5.39,17.76,33.93,5.39,,,2
64,Bradley Barcola,FW,FRA,31.86,4.71,17.73,35.81,5.25,29.23,7.03,37
65,Piero Hincapié,DF,ECU,33.57,5.3,17.67,33.57,5.3,,,16
66,Mikel Oyarzabal,FW,ESP,30.24,4.2,17.64,24.23,7.03,34.24,5.21,43
67,Pedro Porro,DF,ESP,31.02,4.48,17.58,25.6,7.17,34.63,5.73,43
68,Anthony Elanga,FW,SWE,33.24,5.24,17.52,33.24,5.24,,,8
69,Enzo Fernández,MF,ARG,30.35,4.28,17.51,26.13,6.83,33.17,5.5,19
70,Kobbie Mainoo,MF,ENG,33.71,5.4,17.51,33.71,5.4,,,3
71,Andrej Kramarić,FW,CRO,28.93,3.81,17.5,29.94,5.16,28.25,5.34,46
72,Amadou Onana,MF,BEL,33.63,5.38,17.49,33.63,5.38,,,9
73,Federico Valverde,MF,URU,34.3,5.61,17.47,34.3,5.61,,,17
74,Jean-Philippe Mateta,FW,FRA,32.91,5.15,17.46,32.91,5.15,,,4
75,Ladislav Krejčí (captain),DF,CZE,32.75,5.1,17.45,32.75,5.1,,,11
76,Rubén Vargas,FW,SUI,32.75,5.11,17.42,32.75,5.11,,,9
77,Manuel Ugarte,MF,URU,33.0,5.2,17.4,33.0,5.2,,,18
78,Pedro Miguel,DF,QAT,28.76,3.79,17.39,26.72,5.25,30.12,5.26,46
79,Tijjani Reijnders,MF,NED,31.73,4.78,17.39,33.42,5.22,30.6,7.17,10
80,Zion Suzuki,GK,JPN,33.64,5.43,17.35,33.64,5.43,,,15
81,Mathías Olivera,DF,URU,32.51,5.08,17.27,32.51,5.08,,,14
82,Pau Cubarsí,DF,ESP,33.18,5.33,17.19,33.18,5.33,,,6
83,Bukayo Saka,FW,ENG,33.01,5.28,17.17,33.01,5.28,,,3
84,Mario Pašalić,MF,CRO,28.73,3.86,17.15,28.51,5.3,28.88,5.38,11
85,Marcos Llorente,DF,ESP,30.15,4.34,17.13,25.6,7.17,33.19,5.43,5
86,Oscar Bobb,MF,NOR,33.16,5.35,17.11,33.16,5.35,,,10
87,Marcus Thuram,FW,FRA,31.41,4.77,17.1,32.62,5.13,30.6,7.17,4
88,Jordan Bos,DF,AUS,32.44,5.13,17.05,32.44,5.13,,,13
89,Désiré Doué,FW,FRA,29.81,4.27,17.0,26.13,6.83,32.26,5.47,4
90,Valentín Barco,MF,ARG,33.31,5.44,16.99,33.31,5.44,,,3
91,Ricardo Pepi,FW,USA,29.92,4.32,16.96,25.6,7.17,32.8,5.39,29
92,João Félix,FW,POR,32.47,5.17,16.96,32.47,5.17,,,8
93,Iliman Ndiaye,FW,SEN,33.16,5.42,16.9,33.16,5.42,,,10
94,Nicolás de la Cruz,MF,URU,32.53,5.23,16.84,32.53,5.23,,,9
95,Manu Koné,MF,FRA,32.74,5.31,16.81,32.74,5.31,,,6
96,Kenan Yıldız,FW,TUR,32.9,5.37,16.79,32.9,5.37,,,7
97,Ezri Konsa,DF,ENG,31.07,4.76,16.79,31.77,5.07,30.6,7.17,9
98,Robin Roefs,GK,NED,32.59,5.27,16.78,32.59,5.27,,,1
99,Julio Enciso,FW,PAR,29.44,4.25,16.69,22.73,6.92,33.91,5.38,13
100,Quinten Timber,MF,NED,29.5,4.27,16.69,25.6,7.17,32.1,5.28,6
101,Nico Williams,FW,ESP,33.03,5.47,16.62,33.03,5.47,,,2
102,Vitinha,MF,POR,32.19,5.2,16.59,32.19,5.2,,,8
103,Leroy Sané,MF,GER,29.55,4.34,16.53,26.82,7.34,31.37,5.32,6
104,John Yeboah,FW,ECU,27.84,3.79,16.47,28.09,5.26,27.67,5.26,13
105,Jamie Leweling,MF,GER,30.81,4.81,16.38,31.13,5.4,30.6,7.17,3
106,Denzel Dumfries,DF,NED,33.76,5.82,16.3,33.76,5.82,,,9
107,Unai Simón,GK,ESP,32.45,5.39,16.28,32.45,5.39,,,8
108,Rodrigo Bentancur,MF,URU,31.4,5.07,16.19,31.4,5.07,,,9
109,Diego Moreira,FW,BEL,29.06,4.3,16.16,25.6,7.17,31.36,5.34,3
110,Ibrahima Konaté,DF,FRA,30.67,4.85,16.12,30.78,5.6,30.6,7.17,5
111,Emiliano Martínez,GK,ARG,30.11,4.69,16.04,21.82,7.34,35.64,6.1,89
112,Emmanuel Agbadou,DF,CIV,31.38,5.17,15.87,31.38,5.17,,,8
113,Viktor Gyökeres,FW,SWE,29.96,4.7,15.86,31.06,5.2,29.23,7.03,43
114,Nadiem Amiri,MF,GER,27.39,3.85,15.84,26.8,5.47,27.79,5.27,4
115,Micky van de Ven,DF,NED,31.23,5.13,15.84,31.23,5.13,,,11
116,Crysencio Summerville,FW,NED,28.71,4.29,15.84,24.23,7.03,31.69,5.41,2
117,Jonathan David,FW,CAN,28.4,4.2,15.8,25.6,7.17,30.26,5.12,4
118,Lionel Messi (captain),FW,ARG,31.83,5.35,15.78,31.83,5.35,,,15
119,Krépin Diatta,DF,SEN,27.14,3.8,15.74,26.39,5.27,27.64,5.26,12
120,Santiago Bueno,DF,URU,27.03,3.77,15.72,26.15,5.15,27.62,5.26,4
121,Rúben Dias,DF,POR,31.72,5.34,15.7,31.72,5.34,,,7
122,Giuliano Simeone,FW,ARG,29.84,4.72,15.68,30.76,5.31,29.23,7.03,45
123,Kaishū Sano,MF,JPN,31.47,5.27,15.66,31.47,5.27,,,8
124,Edson Álvarez (captain),DF,MEX,27.25,3.87,15.64,25.82,5.5,28.21,5.31,3
125,Leandro Trossard,FW,BEL,31.06,5.14,15.64,31.06,5.14,,,8
126,Auston Trusty,DF,USA,27.01,3.8,15.61,26.06,5.31,27.64,5.26,3
127,Justin Kluivert,MF,NED,28.26,4.24,15.54,22.73,6.92,31.94,5.35,7
128,Kevin De Bruyne,MF,BEL,31.28,5.26,15.5,31.28,5.26,,,10
129,Ritsu Dōan,MF,JPN,31.91,5.48,15.47,31.91,5.48,,,19
130,Cristian Martínez,MF,PAN,27.14,3.89,15.47,22.11,5.31,30.5,5.43,84
131,Charles De Ketelaere,FW,BEL,31.06,5.2,15.46,31.06,5.2,,,9
132,Nicolas Seiwald,MF,AUT,32.23,5.6,15.43,32.23,5.6,,,11
133,Johan Vásquez,DF,MEX,30.42,5.02,15.36,30.42,5.02,,,4
134,Kai Havertz,FW,GER,31.4,5.35,15.35,31.4,5.35,,,3
135,Alexander Sørloth,FW,NOR,31.83,5.5,15.33,31.83,5.5,,,12
136,Giovani Lo Celso,MF,ARG,26.57,3.77,15.26,28.27,5.3,25.43,5.19,11
137,Mattias Svanberg,MF,SWE,26.62,3.8,15.22,25.89,5.17,27.1,5.32,6
138,Benjamin Tahirović,MF,BIH,30.85,5.23,15.16,30.85,5.23,,,12
139,Ousmane Dembélé,FW,FRA,29.05,4.63,15.16,33.44,5.41,26.13,6.83,3
140,Gabriel Martinelli,FW,BRA,30.6,5.17,15.09,30.6,7.17,30.6,7.17,13
141,Endrick,FW,BRA,30.6,5.17,15.09,30.6,7.17,30.6,7.17,9
142,Abde Ezzalzouli,FW,MAR,30.6,5.17,15.09,30.6,7.17,30.6,7.17,8
143,Eric García,DF,ESP,30.6,5.17,15.09,30.6,7.17,30.6,7.17,2
144,Lautaro Martínez,FW,ARG,30.6,5.17,15.09,30.6,7.17,30.6,7.17,87
145,Nico O'Reilly,DF,ENG,30.6,5.17,15.09,30.6,7.17,30.6,7.17,4
146,Petar Sučić,MF,CRO,30.6,5.17,15.09,30.6,7.17,30.6,7.17,10
147,Sofyan Amrabat,MF,MAR,26.53,3.82,15.07,24.22,5.27,28.07,5.3,8
148,Jonathan Tah,DF,GER,31.01,5.32,15.05,31.01,5.32,,,10
149,Simon Adingra,FW,CIV,31.42,5.46,15.04,31.42,5.46,,,13
150,Sadio Mané,FW,SEN,30.28,5.08,15.04,30.28,5.08,,,10
151,James Rodríguez (captain),MF,COL,30.25,5.08,15.01,30.25,5.08,,,22
152,Rayan Cherki,FW,FRA,32.33,5.78,14.99,32.33,5.78,,,5
153,Dean Henderson,GK,ENG,28.55,4.52,14.99,25.6,7.17,30.51,5.83,1
154,Djed Spence,DF,ENG,30.71,5.24,14.99,30.71,5.24,,,4
155,Edmilson Junior,FW,QAT,26.34,3.79,14.97,25.4,5.45,26.97,5.16,49
156,Yan Diomande,FW,CIV,28.57,4.54,14.95,34.75,5.08,24.45,6.76,3
157,Mike Maignan,GK,FRA,31.14,5.4,14.94,31.14,5.4,,,8
158,Daniel Svensson,DF,SWE,30.69,5.27,14.88,30.69,5.27,,,10
159,Bazoumana Touré,FW,CIV,31.12,5.43,14.83,31.12,5.43,,,3
160,Angelo Stiller,MF,GER,31.32,5.5,14.82,31.32,5.5,,,4
161,Ryan Gravenberch,MF,NED,30.98,5.4,14.78,30.98,5.4,,,9
162,Josip Stanišić,DF,CRO,31.55,5.59,14.78,31.55,5.59,,,9
163,Warren Zaïre-Emery,MF,FRA,30.67,5.3,14.77,30.67,5.3,,,4
164,Sidny Lopes Cabral,DF,CPV,30.02,5.11,14.69,30.02,5.11,,,5
165,Arda Güler,FW,TUR,31.49,5.61,14.66,31.49,5.61,,,9
166,Alexis Mac Allister,MF,ARG,31.22,5.52,14.66,31.22,5.52,,,18
167,Firas Al-Buraikan,FW,KSA,29.98,5.11,14.65,29.98,5.11,,,24
168,Florian Wirtz,MF,GER,30.05,5.14,14.63,29.23,7.03,30.6,7.17,10
169,Joaquin Seys,DF,BEL,30.1,5.16,14.62,30.1,5.16,,,5
170,Zakaria El Ouahdi,DF,MAR,27.29,4.23,14.6,24.23,7.03,29.33,5.27,2
171,Igor Thiago,FW,BRA,28.51,4.64,14.59,34.61,5.61,24.45,6.76,4
172,Timothy Weah,FW,USA,30.08,5.21,14.45,30.08,5.21,,,4
173,Maxim De Cuyper,DF,BEL,31.32,5.64,14.4,31.32,5.64,,,11
174,Mohamed Touré,FW,AUS,25.87,3.84,14.35,25.29,5.25,26.26,5.36,3
175,Lucas Paquetá,MF,BRA,30.78,5.49,14.31,30.78,5.49,,,10
176,Musab Al-Juwayr,MF,KSA,30.26,5.32,14.3,30.26,5.32,,,24
177,Jules Koundé,DF,FRA,30.59,5.43,14.3,30.59,5.43,,,6
178,Marco Pašalić,FW,CRO,30.19,5.3,14.29,30.19,5.3,,,10
179,Rodrigo De Paul,MF,ARG,29.63,5.12,14.27,29.63,5.12,,,21
180,Ibrahim Mbaye,FW,SEN,29.95,5.23,14.26,29.95,5.23,,,3
181,Renato Veiga,DF,POR,26.88,4.21,14.25,21.13,6.83,30.72,5.34,7
182,Guéla Doué,DF,CIV,29.67,5.17,14.16,29.67,5.17,,,6
183,Trézéguet,FW,EGY,30.27,5.37,14.16,30.27,5.37,,,14
184,Bernardo Silva,MF,POR,30.18,5.34,14.16,30.18,5.34,,,6
185,Oğuz Aydın,FW,TUR,30.16,5.34,14.14,30.16,5.34,,,7
186,Antoine Semenyo,MF,GHA,27.9,4.6,14.1,33.08,5.45,24.45,6.76,50
187,Marcus Rashford,FW,ENG,29.45,5.12,14.09,27.73,6.92,30.6,7.17,10
188,Anthony Gordon,FW,ENG,29.45,5.12,14.09,27.73,6.92,30.6,7.17,7
189,Sander Berge,MF,NOR,29.85,5.26,14.07,29.85,5.26,,,12
190,Antonio Sanabria,FW,PAR,29.66,5.26,13.88,29.66,5.26,,,17
191,Aleksandar Pavlović,MF,GER,31.3,5.82,13.84,31.3,5.82,,,6
192,Joan Garcia,GK,ESP,28.88,5.05,13.73,30.6,7.17,27.73,6.92,2
193,Facundo Pellistri,FW,URU,30.02,5.43,13.73,30.02,5.43,,,19
194,Eberechi Eze,FW,ENG,28.88,5.05,13.73,30.6,7.17,27.73,6.92,6
195,Axel Tuanzebe,DF,COD,29.69,5.33,13.7,29.69,5.33,,,8
196,Koni De Winter,DF,BEL,30.91,5.74,13.69,30.91,5.74,,,6
197,Leon Goretzka,MF,GER,29.34,5.22,13.68,29.34,5.22,,,9
198,Evan Ndicka,DF,CIV,27.9,4.75,13.65,31.36,5.03,25.6,7.17,8
199,Garry Rodrigues,FW,CPV,24.8,3.72,13.64,21.23,5.45,27.18,5.03,45
200,Kerem Aktürkoğlu,FW,TUR,28.03,4.81,13.6,31.68,5.37,25.6,7.17,8
201,Konrad Laimer,MF,AUT,29.06,5.16,13.58,29.06,5.16,,,10
202,Chemsdine Talbi,FW,MAR,28.92,5.12,13.56,28.92,5.12,,,3
203,Tarik Muharemović,DF,BIH,29.39,5.28,13.55,29.39,5.28,,,9
204,Igor Matanović,FW,CRO,29.95,5.47,13.54,29.95,5.47,,,4
205,Francisco Conceição,FW,POR,28.93,5.14,13.51,28.93,5.14,,,5
206,Ramiz Zerrouki,MF,ALG,28.8,5.1,13.5,28.8,5.1,,,8
207,Jhon Lucumí,DF,COL,29.86,5.46,13.48,29.86,5.46,,,17
208,Elliot Anderson,MF,ENG,28.63,5.05,13.48,27.73,6.92,29.23,7.03,7
209,Brian Brobbey,FW,NED,29.56,5.38,13.42,29.56,5.38,,,4
210,Anis Hadj Moussa,FW,ALG,27.76,4.78,13.42,30.99,5.22,25.6,7.17,4
211,Ali Olwan,FW,JOR,29.07,5.22,13.41,29.07,5.22,,,21
212,Adam Hložek,FW,CZE,29.18,5.27,13.37,29.18,5.27,,,3
213,Rodrigo Zalazar,MF,URU,27.95,4.87,13.34,29.64,5.21,26.82,7.34,31
214,Weston McKennie,MF,USA,28.96,5.24,13.24,28.96,5.24,,,4
215,Bilal El Khannouss,MF,MAR,27.73,4.87,13.12,29.1,5.2,26.82,7.34,11
216,Marko Arnautović,FW,AUT,29.17,5.35,13.12,29.17,5.35,,,10
217,Rúben Neves,MF,POR,28.63,5.18,13.09,28.63,5.18,,,8
218,Breel Embolo,FW,SUI,25.87,4.27,13.06,20.6,7.17,29.39,5.28,9
219,Franck Kessié (captain),MF,CIV,29.25,5.4,13.05,29.25,5.4,,,12
220,Otabek Shukurov,MF,UZB,28.66,5.22,13.0,28.66,5.22,,,21
221,Sergiño Dest,DF,USA,29.16,5.39,12.99,29.16,5.39,,,2
222,Wilfried Singo,DF,CIV,28.26,5.09,12.99,28.26,5.09,,,9
223,Ryan Christie,MF,SCO,28.37,5.13,12.98,28.37,5.13,,,9
224,Leo Østigård,DF,NOR,28.73,5.25,12.98,28.73,5.25,,,9
225,Edo Kayembe,MF,COD,28.3,5.11,12.97,28.3,5.11,,,12
226,Moussa Niakhaté,DF,SEN,25.61,4.22,12.95,17.73,6.92,30.86,5.31,11
227,Jérémy Doku,FW,BEL,28.14,5.08,12.9,24.45,6.76,30.6,7.17,12
228,Cherif Ndiaye,FW,SEN,28.92,5.34,12.9,28.92,5.34,,,9
229,Luka Sučić,MF,CRO,28.35,5.15,12.9,28.35,5.15,,,5
230,Joel Ordóñez,DF,ECU,28.86,5.35,12.81,28.86,5.35,,,11
231,Amir Al-Ammari,MF,IRQ,28.5,5.23,12.81,28.5,5.23,,,23
232,Martin Baturina,MF,CRO,27.49,4.9,12.79,28.49,5.35,26.82,7.34,8
233,Kamaldeen Sulemana,FW,GHA,25.39,4.2,12.79,21.13,6.83,28.23,5.31,9
234,Ivan Toney,FW,ENG,28.56,5.26,12.78,28.56,5.26,,,1
235,Junya Itō,MF,JPN,29.3,5.52,12.74,29.3,5.52,,,14
236,Seko Fofana,MF,CIV,28.61,5.35,12.56,28.61,5.35,,,8
237,Thiago Almada,FW,ARG,25.44,4.32,12.48,21.82,7.34,27.85,5.28,11
238,Hannibal Mejbri,MF,TUN,29.1,5.56,12.42,29.1,5.56,,,7
239,Oswin Appollis,FW,RSA,27.92,5.17,12.41,27.92,5.17,,,11
240,Lukáš Červ,MF,CZE,28.07,5.24,12.35,28.07,5.24,,,10
241,Logan Costa,DF,CPV,27.71,5.12,12.35,27.71,5.12,,,8
242,Florian Grillitsch,MF,AUT,23.78,3.81,12.35,23.68,5.32,23.85,5.26,7
243,Merih Demiral,DF,TUR,28.36,5.35,12.31,28.36,5.35,,,8
244,Ferran Torres,FW,ESP,27.32,5.01,12.29,24.45,6.76,29.23,7.03,43
245,Nahuel Molina,DF,ARG,28.97,5.56,12.29,28.97,5.56,,,18
246,Noussair Mazraoui,DF,MAR,28.67,5.47,12.26,28.67,5.47,,,6
247,Théo Hernandez,DF,FRA,28.76,5.5,12.26,28.76,5.5,,,6
248,Aymen Hussein,FW,IRQ,27.41,5.05,12.26,27.41,5.05,,,21
249,Cho Gue-sung,FW,KOR,23.52,3.76,12.24,23.59,5.17,23.48,5.24,7
250,Jerome Opoku,DF,GHA,27.46,5.11,12.13,27.46,5.11,,,9
251,Eldor Shomurodov (captain),FW,UZB,28.79,5.57,12.08,28.79,5.57,,,21
252,Manuel Akanji,DF,SUI,27.97,5.3,12.07,27.97,5.3,,,10
253,Damián Bobadilla,MF,PAR,27.94,5.29,12.07,27.94,5.29,,,12
254,Louicius Deedson,FW,HAI,27.47,5.15,12.02,27.47,5.15,,,14
255,Kaku,FW,PAR,27.22,5.07,12.01,27.22,5.07,,,13
256,Luca Jaquez,DF,SUI,24.78,4.26,12.0,20.6,7.17,27.57,5.25,3
257,Hwang In-beom,MF,KOR,28.11,5.39,11.94,28.11,5.39,,,17
258,Ardon Jashari,MF,SUI,28.4,5.49,11.93,28.4,5.49,,,4
259,Yukinari Sugawara,DF,JPN,27.35,5.15,11.9,27.35,5.15,,,10
260,Ismaël Koné,MF,CAN,27.55,5.25,11.8,27.55,5.25,,,3
261,Lucas Herrington,DF,AUS,24.64,4.28,11.8,20.6,7.17,27.33,5.29,4
262,Mert Müldür,DF,TUR,28.2,5.47,11.79,28.2,5.47,,,9
263,Vladimír Coufal,DF,CZE,26.87,5.03,11.78,26.87,5.03,,,10
264,Tomás Araújo,DF,POR,28.13,5.45,11.78,28.13,5.45,,,3
265,Azzedine Ounahi,MF,MAR,27.76,5.34,11.74,27.76,5.34,,,8
266,Neil El Aynaoui,MF,MAR,26.2,4.83,11.71,27.09,5.49,25.6,7.17,6
267,Jearl Margaritha,FW,CUW,27.49,5.27,11.68,27.49,5.27,,,11
268,Fabian Rieder,MF,SUI,27.56,5.31,11.63,27.56,5.31,,,9
269,George Hirst,FW,SCO,24.32,4.23,11.63,19.23,7.03,27.71,5.27,6
270,Yuito Suzuki,FW,JPN,26.12,4.84,11.6,26.89,5.52,25.6,7.17,4
271,Amar Memić,MF,BIH,27.79,5.4,11.59,27.79,5.4,,,11
272,Michael Amir Murillo,DF,PAN,24.28,4.23,11.59,19.23,7.03,27.64,5.26,12
273,Morten Thorsby,MF,NOR,27.24,5.22,11.58,27.24,5.22,,,6
274,Philipp Lienhart,DF,AUT,24.27,4.23,11.58,19.23,7.03,27.63,5.26,10
275,Yunus Akgün,FW,TUR,28.25,5.56,11.57,28.25,5.56,,,5
276,Samuel Moutoussamy,MF,COD,26.87,5.1,11.57,26.87,5.1,,,14
277,Denis Zakaria,MF,SUI,27.96,5.47,11.55,27.96,5.47,,,6
278,Eric Davis,DF,PAN,27.36,5.28,11.52,27.36,5.28,,,13
279,Nico Elvedi,DF,SUI,24.16,4.22,11.5,19.23,7.03,27.45,5.25,10
280,Zeki Çelik,DF,TUR,27.67,5.39,11.5,27.67,5.39,,,7
281,Gabriel Gudmundsson,DF,SWE,25.72,4.74,11.5,27.96,5.38,24.23,7.03,9
282,Callum McCowatt,MF,NZL,27.19,5.23,11.5,27.19,5.23,,,8
283,Tomáš Chorý,FW,CZE,26.82,5.11,11.49,26.82,5.11,,,10
284,Dan Ndoye,FW,SUI,25.91,4.81,11.48,26.38,5.4,25.6,7.17,9
285,Michel Aebischer,MF,SUI,22.69,3.75,11.44,23.86,5.22,21.91,5.2,8
286,Roger Ibañez,DF,BRA,27.06,5.21,11.43,27.06,5.21,,,5
287,Soufiane Rahimi,FW,MAR,27.01,5.21,11.38,27.01,5.21,,,8
288,Nicolás Tagliafico,DF,ARG,27.21,5.29,11.34,27.21,5.29,,,17
289,Farès Ghedjemis,FW,ALG,27.3,5.32,11.34,27.3,5.32,,,1
290,Gustaf Lagerbielke,DF,SWE,27.28,5.32,11.32,27.28,5.32,,,8
291,Relebohile Mofokeng,FW,RSA,27.08,5.27,11.27,27.08,5.27,,,6
292,Lucas Bergvall,MF,SWE,27.03,5.26,11.25,27.03,5.26,,,6
293,Ferdi Kadıoğlu,DF,TUR,27.87,5.55,11.22,27.87,5.55,,,8
294,Ali Lajami,DF,KSA,26.26,5.02,11.2,26.26,5.02,,,14
295,Érik Lira,MF,MEX,27.12,5.31,11.19,27.12,5.31,,,8
296,Omar Alderete,DF,PAR,26.85,5.22,11.19,26.85,5.22,,,18
297,Alexander Bernhardsson,FW,SWE,24.38,4.4,11.18,17.84,7.53,28.74,5.34,8
298,Wagner Pina,DF,CPV,23.93,4.27,11.12,19.23,7.03,27.07,5.35,5
299,Ismaël Gharbi,MF,TUN,27.07,5.32,11.11,27.07,5.32,,,10
300,Ngal'ayel Mukau,MF,COD,23.71,4.2,11.11,17.73,6.92,27.69,5.26,7
301,Marco Friedl,DF,AUT,27.0,5.3,11.1,27.0,5.3,,,6
302,Malo Gusto,DF,FRA,27.31,5.41,11.08,27.31,5.41,,,8
303,Alisson,GK,BRA,27.81,5.58,11.07,27.81,5.58,,,11
304,Maxence Lacroix,DF,FRA,27.25,5.4,11.05,27.25,5.4,,,4
305,Théo Bongonda,FW,COD,26.56,5.17,11.05,26.56,5.17,,,10
306,Youssef Amyn,MF,IRQ,26.77,5.25,11.02,26.77,5.25,,,21
307,Ozan Kabak,DF,TUR,23.62,4.22,10.96,17.73,6.92,27.54,5.31,4
308,Miro Muheim,DF,SUI,27.39,5.49,10.92,27.39,5.49,,,7
309,Tim Payne,DF,NZL,26.33,5.14,10.91,26.33,5.14,,,7
310,Aurèle Amenda,DF,SUI,26.37,5.17,10.86,26.37,5.17,,,3
311,Keisuke Gotō,FW,JPN,27.09,5.41,10.86,27.09,5.41,,,4
312,Ihsan Haddad (captain),DF,JOR,26.12,5.1,10.82,26.12,5.1,,,15
313,Pavel Šulc,FW,CZE,26.82,5.35,10.77,26.82,5.35,,,10
314,Danilo Santos,MF,BRA,28.56,5.93,10.77,28.56,5.93,,,4
315,Wilson Isidor,FW,HAI,24.93,4.72,10.77,25.98,5.32,24.23,7.03,4
316,Ismail Jakobs,DF,SEN,26.54,5.27,10.73,26.54,5.27,,,5
317,Nathan Patterson,DF,SCO,26.46,5.25,10.71,26.46,5.25,,,3
318,Dominic Hyam,DF,SCO,22.19,3.83,10.7,21.4,5.29,22.72,5.33,3
319,Félix Torres,DF,ECU,26.08,5.13,10.69,26.08,5.13,,,18
320,Alexis Vega,FW,MEX,26.61,5.31,10.68,26.61,5.31,,,4
321,Ali Al-Hamadi,FW,IRQ,27.19,5.52,10.63,27.19,5.52,,,10
322,Pedro Vite,MF,ECU,25.51,4.97,10.6,29.51,5.19,22.84,7.53,47
323,Kevin Castaño,MF,COL,26.14,5.18,10.6,26.14,5.18,,,11
324,Matias Fernandez-Pardo,FW,BEL,27.48,5.63,10.59,27.48,5.63,,,2
325,Farès Chaïbi,MF,ALG,26.76,5.39,10.59,26.76,5.39,,,10
326,Fabián Ruiz,MF,ESP,26.36,5.26,10.58,26.36,5.26,,,3
327,Noa Lang,FW,NED,26.96,5.47,10.55,26.96,5.47,,,2
328,Juan Fernando Quintero,MF,COL,26.83,5.43,10.54,26.83,5.43,,,10
329,Marvin Keller,GK,SUI,26.34,5.28,10.5,26.34,5.28,,,1
330,Djibril Sow,MF,SUI,26.33,5.28,10.49,26.33,5.28,,,7
331,Cyle Larin,FW,CAN,23.13,4.22,10.47,14.23,7.03,29.06,5.25,3
332,Connor Metcalfe,MF,AUS,26.72,5.42,10.46,26.72,5.42,,,13
333,Ibrahim Sangaré,MF,CIV,26.09,5.21,10.46,26.82,7.34,25.6,7.17,9
334,Aubrey Modiba,DF,RSA,22.02,3.86,10.44,23.48,5.13,21.05,5.44,9
335,Thomas Meunier,DF,BEL,26.04,5.2,10.44,26.04,5.2,,,11
336,Ayoub El Kaabi,FW,MAR,27.01,5.53,10.42,27.01,5.53,,,9
337,Obed Vargas,MF,MEX,25.77,5.12,10.41,25.77,5.12,,,4
338,Marko Stamenić,MF,NZL,26.38,5.34,10.36,26.38,5.34,,,9
339,Jhon Arias,MF,COL,24.63,4.77,10.32,30.67,5.16,20.6,7.17,21
340,Noah Okafor,FW,SUI,27.1,5.6,10.3,27.1,5.6,,,1
341,Lucas Digne,DF,FRA,25.85,5.19,10.28,25.85,5.19,,,6
342,Samú Costa,MF,POR,25.8,5.18,10.26,25.8,5.18,,,3
343,Kim Jin-gyu,MF,KOR,26.06,5.27,10.25,26.06,5.27,,,5
344,Ramy Bensebaini,DF,ALG,25.47,5.08,10.23,25.47,5.08,,,8
345,Brian Gutiérrez,MF,MEX,25.92,5.24,10.2,25.92,5.24,,,7
346,Ibrahim Adel,FW,EGY,25.65,5.15,10.2,25.65,5.15,,,8
347,Alistair Johnston,DF,CAN,25.88,5.23,10.19,25.88,5.23,,,2
348,Marc Pubill,DF,ESP,27.51,5.78,10.17,27.51,5.78,,,2
349,Christ Inao Oulaï,MF,CIV,26.62,5.49,10.15,26.62,5.49,,,3
350,Brandon Mechele,DF,BEL,25.41,5.09,10.14,25.41,5.09,,,5
351,Uğurcan Çakır,GK,TUR,26.33,5.4,10.13,26.33,5.4,,,8
352,Andrés Gómez,FW,COL,26.0,5.29,10.13,26.0,5.29,,,6
353,Ali Alipour,FW,IRN,25.75,5.21,10.12,25.75,5.21,,,7
354,Deniz Gül,FW,TUR,22.95,4.28,10.11,20.6,7.17,24.52,5.3,5
355,Evann Guessand,FW,CIV,25.6,5.17,10.09,25.6,7.17,25.6,7.17,8
356,Assane Diao,FW,SEN,25.6,5.17,10.09,25.6,7.17,25.6,7.17,5
357,Lukáš Horníček,GK,CZE,26.39,5.44,10.07,26.39,5.44,,,1
358,Gonzalo Valle,GK,ECU,21.82,3.92,10.06,21.93,5.2,21.75,5.53,4
359,Nestory Irankunda,FW,AUS,26.88,5.61,10.05,26.88,5.61,,,9
360,Chris Richards,DF,USA,26.44,5.47,10.03,26.44,5.47,,,1
361,Kō Itakura,DF,JPN,25.9,5.29,10.03,25.9,5.29,,,13
362,Giorgian de Arrascaeta,MF,URU,26.29,5.42,10.03,26.29,5.42,,,10
363,Lukáš Provod,MF,CZE,26.78,5.59,10.01,26.78,5.59,,,10
364,Timothy Castagne,DF,BEL,25.85,5.28,10.01,25.85,5.28,,,9
365,Ali Ahmed,MF,CAN,25.85,5.29,9.98,25.85,5.29,,,2
366,Merchas Doski,DF,IRQ,24.95,4.99,9.98,24.95,4.99,,,19
367,Jordy Caicedo,FW,ECU,25.45,5.17,9.94,25.45,5.17,,,5
368,Jackson Porozo,DF,ECU,25.6,5.24,9.88,25.6,5.24,,,2
369,José Fajardo,FW,PAN,24.97,5.03,9.88,24.97,5.03,,,13
370,Sebastián Cáceres,DF,URU,22.64,4.27,9.83,17.73,6.92,25.92,5.42,13
371,Hakan Çalhanoğlu (captain),MF,TUR,24.43,4.88,9.79,28.35,5.26,21.82,7.34,9
372,Amar Dedić,DF,BIH,26.13,5.45,9.78,26.13,5.45,,,10
373,Lucas Hernandez,DF,FRA,25.74,5.32,9.78,25.74,5.32,,,3
374,Alexander Prass,DF,AUT,25.29,5.17,9.78,25.29,5.17,,,6
375,Almoez Ali,FW,QAT,25.69,5.32,9.73,25.69,5.32,,,15
376,Nikola Katić,DF,BIH,26.07,5.45,9.72,26.07,5.45,,,9
377,Aaron Wan-Bissaka,DF,COD,25.71,5.33,9.72,25.71,5.33,,,9
378,Khojiakbar Alijonov,DF,UZB,25.11,5.14,9.69,25.11,5.14,,,18
379,Nadhir Benbouali,FW,ALG,25.42,5.25,9.67,25.42,5.25,,,3
380,Elye Wahi,FW,CIV,25.05,5.14,9.63,24.23,7.03,25.6,7.17,2
381,Youri Tielemans (captain),MF,BEL,25.05,5.14,9.63,24.23,7.03,25.6,7.17,10
382,Lyndon Dykes,FW,SCO,24.77,5.05,9.62,24.77,5.05,,,9
383,Nikola Vlašić,MF,CRO,22.66,4.35,9.61,19.23,7.03,24.95,5.53,5
384,Cedric Itten,FW,SUI,21.35,3.92,9.59,20.13,5.35,22.17,5.47,3
385,Brahim Díaz,FW,MAR,25.18,5.2,9.58,22.73,6.92,26.82,7.34,42
386,Luis Suárez,FW,COL,25.18,5.2,9.58,22.73,6.92,26.82,7.34,38
387,Thomas Partey,MF,GHA,25.37,5.27,9.56,25.37,5.27,,,10
388,Hwang Hee-chan,MF,KOR,23.71,4.72,9.55,30.44,5.28,19.23,7.03,15
389,Joris Kayembe,DF,COD,25.16,5.21,9.53,25.16,5.21,,,12
390,Lucas Mendes,DF,QAT,24.76,5.08,9.52,24.76,5.08,,,17
391,Fabinho,MF,BRA,25.67,5.39,9.5,25.67,5.39,,,3
392,Yehvann Diouf,GK,SEN,25.54,5.35,9.49,25.54,5.35,,,1
393,Stephen Eustáquio,MF,CAN,25.48,5.34,9.46,25.48,5.34,,,2
394,Carlens Arcus,DF,HAI,25.3,5.28,9.46,25.3,5.28,,,11
395,Ali Majrashi,DF,KSA,25.41,5.32,9.45,25.41,5.32,,,11
396,Aaron Hickey,DF,SCO,25.01,5.19,9.44,25.01,5.19,,,7
397,Saeid Ezatolahi,MF,IRN,25.51,5.37,9.4,25.51,5.37,,,15
398,Haris Tabaković,FW,BIH,24.8,5.14,9.38,24.8,5.14,,,4
399,İsmail Yüksek,MF,TUR,23.66,4.77,9.35,28.24,5.18,20.6,7.17,7
400,Yusuf Abdurisag,FW,QAT,22.6,4.42,9.34,13.64,7.74,28.57,5.26,8
401,Odilon Kossounou,DF,CIV,25.07,5.25,9.32,25.07,5.25,,,4
402,Saman Ghoddos,MF,IRN,25.25,5.32,9.29,25.25,5.32,,,18
403,Ellyes Skhiri (captain),MF,TUN,25.03,5.25,9.28,25.03,5.25,,,10
404,Manaf Younis,DF,IRQ,24.73,5.17,9.22,24.73,5.17,,,17
405,Alan Minda,MF,ECU,25.13,5.32,9.17,25.13,5.32,,,10
406,Robin Hranáč,DF,CZE,25.92,5.59,9.15,25.92,5.59,,,6
407,Gonzalo Plata,FW,ECU,25.64,5.5,9.14,25.64,5.5,,,12
408,Gideon Mensah,DF,GHA,24.47,5.11,9.14,24.47,5.11,,,12
409,Shurandy Sambo,DF,CUW,24.88,5.25,9.13,24.88,5.25,,,8
410,Nikola Vasilj,GK,BIH,24.57,5.15,9.12,24.57,5.15,,,11
411,Vinícius Júnior,FW,BRA,30.6,7.17,9.09,30.6,7.17,,,16
412,Malick Thiaw,DF,GER,30.6,7.17,9.09,30.6,7.17,,,2
413,Ange-Yoan Bonny,FW,CIV,24.45,5.12,9.09,22.73,6.92,25.6,7.17,1
414,Moisés Caicedo,MF,ECU,30.6,7.17,9.09,30.6,7.17,,,19
415,Bart Verbruggen,GK,NED,30.6,7.17,9.09,30.6,7.17,,,9
416,William Saliba,DF,FRA,30.6,7.17,9.09,30.6,7.17,,,4
417,Abdukodir Khusanov,DF,UZB,30.6,7.17,9.09,30.6,7.17,,,17
418,Declan Rice,MF,ENG,30.6,7.17,9.09,30.6,7.17,,,8
419,Jude Bellingham,MF,ENG,30.6,7.17,9.09,30.6,7.17,,,6
420,Matěj Kovář,GK,CZE,25.45,5.47,9.04,25.45,5.47,,,10
421,Kevin Rodríguez,FW,ECU,25.75,5.58,9.01,25.75,5.58,,,18
422,Matías Viña,DF,URU,25.12,5.37,9.01,25.12,5.37,,,6
423,Sultan Mandash,FW,KSA,24.36,5.12,9.0,24.36,5.12,,,4
424,Abdulelah Al-Amri,DF,KSA,24.34,5.12,8.98,24.34,5.12,,,10
425,Jhon Córdoba,FW,COL,25.3,5.44,8.98,25.3,5.44,,,12
426,Mohamed Kanno,MF,KSA,25.41,5.48,8.97,25.41,5.48,,,19
427,Akam Hashim,DF,IRQ,23.91,4.98,8.97,23.91,4.98,,,14
428,Xaver Schlager,MF,AUT,25.08,5.37,8.97,25.08,5.37,,,7
429,Rui Silva,GK,POR,24.42,5.15,8.97,24.42,5.15,,,2
430,David Douděra,DF,CZE,25.16,5.41,8.93,25.16,5.41,,,6
431,Israel Reyes,DF,MEX,24.76,5.28,8.92,24.76,5.28,,,7
432,Ali Abdi,DF,TUN,24.02,5.05,8.87,24.02,5.05,,,10
433,Hamdy Fathy,MF,EGY,24.35,5.16,8.87,24.35,5.16,,,11
434,Takehiro Tomiyasu,DF,JPN,24.82,5.32,8.86,24.82,5.32,,,3
435,Sontje Hansen,FW,CUW,25.23,5.46,8.85,25.23,5.46,,,5
436,Nathan Aké,DF,NED,24.98,5.39,8.81,24.98,5.39,,,6
437,Alejandro Zendejas,FW,USA,24.67,5.29,8.8,24.67,5.29,,,1
438,Ar'jany Martha,MF,CUW,24.49,5.23,8.8,24.49,5.23,,,4
439,Ali Jasim,FW,IRQ,24.24,5.15,8.79,24.24,5.15,,,26
440,Jan Kuchta,FW,CZE,24.5,5.24,8.78,24.5,5.24,,,3
441,Gustavo Velázquez,DF,PAR,24.05,5.09,8.78,24.05,5.09,,,7
442,Marcus Holmgren Pedersen,DF,NOR,24.29,5.17,8.78,24.29,5.17,,,4
443,Gessime Yassine,FW,MAR,23.14,4.79,8.77,26.94,5.29,20.6,7.17,3
444,Amirhossein Hosseinzadeh,FW,IRN,24.56,5.27,8.75,24.56,5.27,,,8
445,Alexander Schlager,GK,AUT,24.46,5.24,8.74,24.46,5.24,,,7
446,Leverton Pierre,MF,HAI,24.03,5.1,8.73,24.03,5.1,,,12
447,Cucho Hernández,FW,COL,23.88,5.05,8.73,25.6,7.17,22.73,6.92,4
448,Joe Scally,DF,USA,24.57,5.29,8.7,24.57,5.29,,,4
449,Mohanad Ali,FW,IRQ,24.49,5.27,8.68,24.49,5.27,,,25
450,Alidu Seidu,DF,GHA,25.15,5.49,8.68,25.15,5.49,,,6
451,Fredrik André Bjørkan,DF,NOR,24.42,5.25,8.67,24.42,5.25,,,6
452,Duke Lacroix,DF,HAI,24.89,5.42,8.63,24.89,5.42,,,11
453,Lee Han-beom,DF,KOR,24.34,5.24,8.62,24.34,5.24,,,5
454,Gerónimo Rulli,GK,ARG,24.72,5.37,8.61,24.72,5.37,,,3
455,Yacine Titraoui,MF,ALG,24.3,5.23,8.61,24.3,5.23,,,2
456,Nizar Al-Rashdan,MF,JOR,24.44,5.28,8.6,24.44,5.28,,,23
457,Brian Cipenga,MF,COD,24.17,5.2,8.57,24.17,5.2,,,5
458,Elliot Stroud,DF,SWE,24.43,5.29,8.56,24.43,5.29,,,1
459,Willer Ditta,DF,COL,24.12,5.21,8.49,24.12,5.21,,,4
460,Nathan Ngoy,DF,BEL,23.63,5.05,8.48,22.73,6.92,24.23,7.03,4
461,Hjalmar Ekdal,DF,SWE,24.31,5.28,8.47,24.31,5.28,,,4
462,Deiver Machado,DF,COL,24.12,5.22,8.46,24.12,5.22,,,8
463,Kim Moon-hwan,DF,KOR,23.96,5.17,8.45,23.96,5.17,,,4
464,Jens Petter Hauge,MF,NOR,24.68,5.42,8.42,24.68,5.42,,,4
465,Nathanaël Mbuku,MF,COD,23.92,5.17,8.41,23.92,5.17,,,9
466,Simon Banza,FW,COD,24.57,5.39,8.4,24.57,5.39,,,3
467,Julián Quiñones,FW,MEX,24.24,5.29,8.37,24.24,5.29,,,4
468,David Alaba (captain),DF,AUT,24.08,5.24,8.36,24.08,5.24,,,6
469,Carl Starfelt,DF,SWE,22.78,4.81,8.35,26.05,5.39,20.6,7.17,4
470,Zeki Amdouni,FW,SUI,24.09,5.25,8.34,24.09,5.25,,,2
471,Utkir Yusupov,GK,UZB,24.15,5.27,8.34,24.15,5.27,,,21
472,David Jurásek,DF,CZE,22.66,4.78,8.32,25.76,5.21,20.6,7.17,5
473,Michal Sadílek,MF,CZE,24.96,5.56,8.28,24.96,5.56,,,9
474,Hannes Delcroix,DF,HAI,23.64,5.12,8.28,23.64,5.12,,,7
475,Besfort Zeneli,MF,SWE,24.26,5.33,8.27,24.26,5.33,,,5
476,Ayase Ueda,FW,JPN,24.43,5.39,8.26,26.82,7.34,22.84,7.53,47
477,Nabil Bentaleb,MF,ALG,24.78,5.52,8.22,24.78,5.52,,,8
478,Alfie Jones,DF,CAN,22.82,4.87,8.21,24.31,5.18,21.82,7.34,1
479,Rodrigo Aguirre,FW,URU,24.98,5.59,8.21,24.98,5.59,,,8
480,Roshon van Eijma,DF,CUW,24.25,5.35,8.2,24.25,5.35,,,10
481,Fiston Mayele,FW,COD,23.65,5.15,8.2,23.65,5.15,,,11
482,Nidal Čelik,DF,BIH,23.97,5.27,8.16,23.97,5.27,,,2
483,Rayan,FW,BRA,29.23,7.03,8.14,29.23,7.03,,,2
484,Ayyoub Bouaddi,MF,MAR,29.23,7.03,8.14,29.23,7.03,,,2
485,Alexander Isak,FW,SWE,29.23,7.03,8.14,29.23,7.03,,,6
486,Marc Cucurella,DF,ESP,29.23,7.03,8.14,29.23,7.03,,,7
487,Álex Grimaldo,DF,ESP,29.23,7.03,8.14,,,29.23,7.03,0
488,Dayot Upamecano,DF,FRA,29.23,7.03,8.14,29.23,7.03,,,8
489,Ismaïla Sarr,FW,SEN,29.23,7.03,8.14,29.23,7.03,,,10
490,Igor Sergeev,FW,UZB,24.93,5.6,8.13,24.93,5.6,,,9
491,Yerry Mina,DF,COL,24.25,5.38,8.11,24.25,5.38,,,10
492,Iñaki Williams,FW,GHA,22.56,4.82,8.1,25.5,5.41,20.6,7.17,7
493,Steven Moreira,DF,CPV,23.56,5.17,8.05,23.56,5.17,,,9
494,Nélson Semedo,DF,POR,24.34,5.43,8.05,24.34,5.43,,,5
495,Mbekezeli Mbokazi,DF,RSA,23.85,5.27,8.04,23.85,5.27,,,4
496,John Souttar,DF,SCO,23.7,5.22,8.04,23.7,5.22,,,8
497,Sergio Rochet,GK,URU,23.96,5.31,8.03,23.96,5.31,,,15
498,Jordy Alcívar,MF,ECU,23.63,5.21,8.0,23.63,5.21,,,6
499,Aimar Sher,MF,IRQ,23.78,5.26,8.0,23.78,5.26,,,7
500,Jonas Adjetey,DF,GHA,24.52,5.51,7.99,24.52,5.51,,,8
501,Gabriel Ávalos,FW,PAR,23.94,5.32,7.98,23.94,5.32,,,13
502,Zineddine Belaïd,DF,ALG,23.53,5.19,7.96,23.53,5.19,,,4
503,Pascal Groß,MF,GER,23.46,5.17,7.95,23.46,5.17,,,3
504,Denis Višinský,FW,CZE,24.32,5.46,7.94,24.32,5.46,,,2
505,Scott McKenna,DF,SCO,23.85,5.32,7.89,23.85,5.32,,,7
506,Jack Hendry,DF,SCO,20.97,4.36,7.89,16.82,7.34,23.74,5.37,3
507,Romelu Lukaku,FW,BEL,24.03,5.38,7.89,24.03,5.38,,,4
508,Orbelín Pineda,MF,MEX,23.66,5.26,7.88,23.66,5.26,,,3
509,Moïse Bombito,DF,CAN,23.41,5.18,7.87,23.41,5.18,,,1
510,Gustaf Nilsson,FW,SWE,23.94,5.36,7.86,23.94,5.36,,,2
511,Mateo Kovačić,MF,CRO,23.66,5.29,7.79,23.66,5.29,,,3
512,Mostafa Ziko,MF,EGY,23.56,5.26,7.78,23.56,5.26,,,2
513,Dominik Kotarski,GK,CRO,24.36,5.54,7.74,24.36,5.54,,,2
514,Park Jin-seob,DF,KOR,23.2,5.16,7.72,23.2,5.16,,,5
515,Gustavo Gómez (captain),DF,PAR,23.28,5.19,7.71,23.28,5.19,,,19
516,Carlos Harvey,MF,PAN,24.2,5.5,7.7,24.2,5.5,,,11
517,Mohammed Abu Al-Shamat,DF,KSA,23.44,5.26,7.66,23.44,5.26,,,5
518,Ghislain Konan,DF,CIV,23.55,5.3,7.65,23.55,5.3,,,8
519,Cammy Devlin,MF,AUS,23.71,5.36,7.63,23.71,5.36,,,3
520,Çağlar Söyüncü,DF,TUR,23.26,5.21,7.63,23.26,5.21,,,2
521,Jesper Karlström,MF,SWE,23.66,5.36,7.58,23.66,5.36,,,6
522,Anis Ben Slimane,MF,TUN,23.32,5.25,7.57,23.32,5.25,,,5
523,César Yanis,MF,PAN,23.41,5.28,7.57,23.41,5.28,,,5
524,Kristian Thorstvedt,MF,NOR,23.55,5.33,7.56,23.55,5.33,,,6
525,Haissem Hassan,FW,EGY,23.53,5.33,7.54,23.53,5.33,,,4
526,Lee Dong-gyeong,MF,KOR,23.67,5.38,7.53,23.67,5.38,,,4
527,Gonçalo Guedes,FW,POR,21.36,4.61,7.53,26.8,5.02,17.73,6.92,2
528,Saleh Al-Shehri,FW,KSA,23.67,5.39,7.5,23.67,5.39,,,17
529,Nicolas Pépé,FW,CIV,23.48,5.33,7.49,23.48,5.33,,,8
530,Duje Ćaleta-Car,DF,CRO,23.35,5.29,7.48,23.35,5.29,,,7
531,Alan Franco,MF,ECU,21.46,4.67,7.45,27.06,5.32,17.73,6.92,16
532,Derrick Etienne Jr.,FW,HAI,20.43,4.33,7.44,11.82,7.34,26.17,5.3,6
533,Mohamed Hany,DF,EGY,23.51,5.36,7.43,23.51,5.36,,,13
534,Álvaro Montero,GK,COL,20.57,4.38,7.43,14.23,7.03,24.79,5.59,4
535,Dominik Livaković,GK,CRO,23.24,5.27,7.43,23.24,5.27,,,11
536,Elias Achouri,FW,TUN,23.65,5.42,7.39,23.65,5.42,,,7
537,Salim Obaid,DF,JOR,22.93,5.19,7.36,22.93,5.19,,,7
538,Yang Hyun-jun,MF,KOR,21.3,4.65,7.35,26.65,5.22,17.73,6.92,6
539,Moteb Al-Harbi,DF,KSA,23.37,5.35,7.32,23.37,5.35,,,7
540,Silvan Widmer,DF,SUI,22.98,5.23,7.29,22.98,5.23,,,10
541,Kevin Yakob,MF,IRQ,22.58,5.1,7.28,22.58,5.1,,,8
542,Christian Fassnacht,MF,SUI,20.16,4.3,7.26,16.82,7.34,22.38,5.23,4
543,Wataru Endo (captain),MF,JPN,24.27,5.67,7.26,24.27,5.67,,,13
544,Nikola Moro,MF,CRO,22.99,5.25,7.24,22.99,5.25,,,7
545,Findlay Curtis,MF,SCO,22.76,5.18,7.22,22.76,5.18,,,3
546,Ben Old,MF,NZL,22.99,5.29,7.12,22.99,5.29,,,5
547,Kosta Barbarouses,FW,NZL,22.79,5.24,7.07,22.79,5.24,,,8
548,Frans Putros,DF,IRQ,22.65,5.22,6.99,22.65,5.22,,,11
549,Laros Duarte,MF,CPV,23.03,5.35,6.98,23.03,5.35,,,8
550,Nico Schlotterbeck,DF,GER,27.73,6.92,6.97,27.73,6.92,,,7
551,Maximilian Beier,FW,GER,27.73,6.92,6.97,27.73,6.92,,,5
552,Rodri (captain),MF,ESP,27.73,6.92,6.97,27.73,6.92,,,5
553,Martín Zubimendi,MF,ESP,27.73,6.92,6.97,27.73,6.92,,,7
554,Álex Baena,MF,ESP,27.73,6.92,6.97,27.73,6.92,,,7
555,Aurélien Tchouaméni,MF,FRA,27.73,6.92,6.97,27.73,6.92,,,5
556,Maghnes Akliouche,FW,FRA,27.73,6.92,6.97,27.73,6.92,,,9
557,Pape Gueye,MF,SEN,27.73,6.92,6.97,27.73,6.92,,,7
558,Julián Alvarez,FW,ARG,27.73,6.92,6.97,27.73,6.92,,,20
559,Rayan Aït-Nouri,DF,ALG,27.73,6.92,6.97,27.73,6.92,,,8
560,Francisco Trincão,FW,POR,27.73,6.92,6.97,27.73,6.92,,,6
561,Joško Gvardiol,DF,CRO,27.73,6.92,6.97,27.73,6.92,,,7
562,Danley Jean Jacques,MF,HAI,23.59,5.58,6.85,23.59,5.58,,,12
563,Arthur Masuaku,DF,COD,22.12,5.1,6.82,22.12,5.1,,,9
564,Sead Kolašinac,DF,BIH,22.74,5.31,6.81,22.74,5.31,,,5
565,Teboho Mokoena,MF,RSA,22.72,5.32,6.76,22.72,5.32,,,11
566,Alireza Jahanbakhsh,MF,IRN,22.65,5.3,6.75,22.65,5.3,,,15
567,Farrukh Sayfiev,DF,UZB,21.98,5.08,6.74,21.98,5.08,,,14
568,Ali Nemati,DF,IRN,22.72,5.34,6.7,22.72,5.34,,,15
569,Luis Romo,MF,MEX,22.89,5.42,6.63,22.89,5.42,,,5
570,Saed Al-Rosan,DF,JOR,22.56,5.31,6.63,22.56,5.31,,,9
571,Tomás Rodríguez,FW,PAN,22.92,5.45,6.57,22.92,5.45,,,5
572,Mohammad Abu Hashish,DF,JOR,22.63,5.36,6.55,22.63,5.36,,,17
573,Johan Mojica,DF,COL,22.36,5.27,6.55,22.36,5.27,,,12
574,Emil Holm,DF,SWE,22.21,5.23,6.52,22.21,5.23,,,3
575,Deroy Duarte,MF,CPV,22.83,5.44,6.51,22.83,5.44,,,9
576,Jaroslav Zelený,DF,CZE,22.28,5.26,6.5,22.28,5.26,,,10
577,Samukele Kabini,DF,RSA,22.48,5.34,6.46,22.48,5.34,,,3
578,Gaël Kakuta,MF,COD,21.73,5.09,6.46,21.73,5.09,,,5
579,Khulumani Ndamane,DF,RSA,22.53,5.36,6.45,22.53,5.36,,,3
580,İrfan Can Kahveci,FW,TUR,22.17,5.24,6.45,22.17,5.24,,,6
581,Niko Sigur,DF,CAN,22.76,5.45,6.41,22.76,5.45,,,4
582,Ali Yousif,FW,IRQ,21.76,5.12,6.4,21.76,5.12,,,4
583,Jamiro Monteiro,MF,CPV,19.59,4.4,6.39,13.64,7.74,23.56,5.21,11
584,Ángelo Preciado,DF,ECU,22.05,5.24,6.33,22.05,5.24,,,17
585,Bamba Dieng,FW,SEN,20.25,4.64,6.33,24.04,5.19,17.73,6.92,3
586,Adil Boulbina,FW,ALG,22.67,5.47,6.26,22.67,5.47,,,6
587,Ismael Díaz,FW,PAN,21.53,5.09,6.26,25.86,5.22,18.64,7.74,42
588,Assim Madibo,MF,QAT,21.63,5.13,6.24,21.63,5.13,,,7
589,Kelvin Pires,DF,CPV,22.37,5.38,6.23,22.37,5.38,,,2
590,Yassine Bounou,GK,MAR,21.91,5.23,6.22,21.91,5.23,,,11
591,Keisuke Ōsako,GK,JPN,22.0,5.26,6.22,22.0,5.26,,,3
592,Hossam Abdelmaguid,DF,EGY,22.03,5.27,6.22,22.03,5.27,,,5
593,Olwethu Makhanya,DF,RSA,22.0,5.27,6.19,22.0,5.27,,,1
594,Willy Semedo,FW,CPV,22.14,5.32,6.18,22.14,5.32,,,12
595,Ivan Bašić,MF,BIH,21.91,5.25,6.16,21.91,5.25,,,8
596,Moutaz Neffati,DF,TUN,22.36,5.41,6.13,22.36,5.41,,,5
597,Alban Lafont,GK,CIV,21.71,5.2,6.11,21.71,5.2,,,2
598,Mehdi Torabi,MF,IRN,22.04,5.31,6.11,22.04,5.31,,,5
599,Ziyad Al-Johani,MF,KSA,21.83,5.24,6.11,21.83,5.24,,,7
600,Mohammad Ghorbani,MF,IRN,22.02,5.33,6.03,22.02,5.33,,,11
601,Chris Brady,GK,USA,21.68,5.24,5.96,21.68,5.24,,,1
602,Benjamin Nygren,FW,SWE,21.82,5.29,5.95,21.82,7.34,21.82,7.34,7
603,Alexandr Sojka,MF,CZE,21.43,5.17,5.92,21.43,5.17,,,2
604,Tomáš Holeš,DF,CZE,21.86,5.32,5.9,21.86,5.32,,,7
605,Matt Turner,GK,USA,21.58,5.23,5.89,21.58,5.23,,,2
606,Eom Ji-sung,MF,KOR,19.11,4.41,5.88,16.82,7.34,20.63,5.48,5
607,Martin Expérience,DF,HAI,21.6,5.25,5.85,21.6,5.25,,,8
608,Hernán Galíndez,GK,ECU,21.57,5.24,5.85,21.57,5.24,,,14
609,Juan Manuel Sanabria,MF,URU,21.99,5.38,5.85,21.99,5.38,,,2
610,Hussein Ali,DF,IRQ,21.57,5.24,5.85,21.57,5.24,,,21
611,Riechedly Bazoer,DF,CUW,21.92,5.36,5.84,21.92,5.36,,,4
612,Rajaei Ayed,MF,JOR,22.3,5.49,5.83,22.3,5.49,,,14
613,Thabang Matuludi,DF,RSA,21.48,5.22,5.82,21.48,5.22,,,2
614,N'Golo Kanté,MF,FRA,22.04,5.41,5.81,22.04,5.41,,,5
615,Florian Wiegele,GK,AUT,21.77,5.32,5.81,21.77,5.32,,,1
616,Liberato Cacace,DF,NZL,20.1,4.77,5.79,26.85,5.18,15.6,7.17,7
617,Ao Tanaka,MF,JPN,21.5,5.25,5.75,22.84,7.53,20.6,7.17,15
618,Mohammed Muntari,FW,QAT,21.36,5.21,5.73,21.36,5.21,,,8
619,Steve Kapuadi,DF,COD,21.67,5.32,5.71,21.67,5.32,,,1
620,Patrick Pentz,GK,AUT,21.54,5.28,5.7,21.54,5.28,,,4
621,Ben Waine,FW,NZL,18.82,4.38,5.68,12.84,7.53,22.8,5.29,7
622,Jan Paul van Hecke,DF,NED,26.13,6.83,5.64,26.13,6.83,,,8
623,Dani Olmo,FW,ESP,26.13,6.83,5.64,26.13,6.83,,,6
624,Alaa Al-Hejji,MF,KSA,21.63,5.33,5.64,21.63,5.33,,,3
625,Nicolas Jackson,FW,SEN,26.13,6.83,5.64,26.13,6.83,,,10
626,Nuno Mendes,DF,POR,26.13,6.83,5.64,26.13,6.83,,,6
627,Reece James,DF,ENG,26.13,6.83,5.64,26.13,6.83,,,7
628,Tino Livramento,DF,ENG,26.13,6.83,5.64,26.13,6.83,,,5
629,Rouzbeh Cheshmi,MF,IRN,21.06,5.16,5.58,21.06,5.16,,,7
630,Alex Sandro,DF,BRA,21.41,5.28,5.57,21.41,5.28,,,4
631,John McGinn,MF,SCO,21.33,5.26,5.55,20.6,7.17,21.82,7.34,9
632,Lewis Ferguson,MF,SCO,21.33,5.26,5.55,20.6,7.17,21.82,7.34,8
633,Payam Niazmand,GK,IRN,21.54,5.33,5.55,21.54,5.33,,,6
634,Jo Hyeon-woo,GK,KOR,21.28,5.27,5.47,21.28,5.27,,,15
635,Saud Abdulhamid,DF,KSA,21.09,5.21,5.46,21.82,7.34,20.6,7.17,18
636,Emiliano Martínez,MF,URU,21.4,5.32,5.44,19.23,7.03,22.84,7.53,75
637,José Sá,GK,POR,21.36,5.31,5.43,21.36,5.31,,,2
638,Jindřich Staněk,GK,CZE,21.31,5.32,5.35,21.31,5.32,,,1
639,Dennis Hadžikadunić,DF,BIH,21.37,5.34,5.35,21.37,5.34,,,2
640,Ayman Yahya,FW,KSA,21.94,5.54,5.32,21.94,5.54,,,14
641,Boualem Khoukhi,DF,QAT,21.75,5.48,5.31,21.75,5.48,,,11
642,Kaan Ayhan,MF,TUR,21.18,5.29,5.31,21.18,5.29,,,2
643,Zaid Ismail,MF,IRQ,21.21,5.32,5.25,21.21,5.32,,,6
644,Jovo Lukić,FW,BIH,20.83,5.22,5.17,20.83,5.22,,,2
645,Nawaf Boushal,DF,KSA,21.37,5.4,5.17,21.37,5.4,,,14
646,Jassem Gaber,DF,QAT,21.76,5.54,5.14,21.76,5.54,,,13
647,Husam Abu Dahab,DF,JOR,20.8,5.23,5.11,20.8,5.23,,,12
648,Khalil Ayari,FW,TUN,20.67,5.19,5.1,20.67,5.19,,,4
649,Mohammad Al-Dawoud,MF,JOR,20.82,5.24,5.1,20.82,5.24,,,4
650,Tani Oluwaseyi,FW,CAN,20.6,5.17,5.09,20.6,7.17,20.6,7.17,3
651,Ramón Sosa,MF,PAR,20.6,5.17,5.09,20.6,7.17,20.6,7.17,19
652,Antoine Mendy,DF,SEN,20.6,5.17,5.09,20.6,7.17,20.6,7.17,4
653,Carlos Acevedo,GK,MEX,20.81,5.25,5.06,20.81,5.25,,,1
654,Hassan Kadesh,DF,KSA,20.82,5.26,5.04,20.82,5.26,,,15
655,Mathew Ryan (captain),GK,AUS,21.47,5.48,5.03,21.47,5.48,,,14
656,Maxime Crépeau,GK,CAN,21.12,5.37,5.01,21.12,5.37,,,3
657,Johny Placide (captain),GK,HAI,20.58,5.19,5.01,20.58,5.19,,,10
658,Ahmed Al-Kassar,GK,KSA,20.66,5.22,5.0,20.66,5.22,,,6
659,Abduvohid Nematov,GK,UZB,20.97,5.35,4.92,20.97,5.35,,,3
660,Alexandre Pierre,GK,HAI,20.54,5.22,4.88,20.54,5.22,,,4
661,Jacen Russell-Rowe,FW,CAN,26.82,7.34,4.8,,,26.82,7.34,0
662,Hiroki Itō,DF,JPN,26.82,7.34,4.8,26.82,7.34,,,9
663,Yasin Ayari,MF,SWE,26.82,7.34,4.8,26.82,7.34,,,9
664,Senne Lammens,GK,BEL,26.82,7.34,4.8,26.82,7.34,,,2
665,Zeno Debast,DF,BEL,26.82,7.34,4.8,26.82,7.34,,,8
666,Alexis Saelemaekers,FW,BEL,26.82,7.34,4.8,26.82,7.34,,,10
667,Yéremy Pino,FW,ESP,26.82,7.34,4.8,26.82,7.34,,,8
668,Darwin Núñez,FW,URU,26.82,7.34,4.8,26.82,7.34,,,15
669,Thelo Aasgaard,MF,NOR,26.82,7.34,4.8,26.82,7.34,,,6
670,Andreas Schjelderup,MF,NOR,26.82,7.34,4.8,26.82,7.34,,,9
671,Julian Ryerson,DF,NOR,26.82,7.34,4.8,26.82,7.34,,,12
672,Mohamed Amoura,FW,ALG,26.82,7.34,4.8,26.82,7.34,,,13
673,Yoane Wissa,FW,COD,26.82,7.34,4.8,26.82,7.34,,,11
674,Azizbek Amonov,FW,UZB,20.86,5.36,4.78,20.86,5.36,,,4
675,Callan Elliot,DF,NZL,20.64,5.29,4.77,20.64,5.29,,,4
676,Ramin Rezaeian,DF,IRN,21.26,5.5,4.76,21.26,5.5,,,10
677,Tim Ream,DF,USA,20.28,5.19,4.71,20.28,5.19,,,3
678,Ken Sema,MF,SWE,20.43,5.24,4.71,20.43,5.24,,,5
679,Martin Erlić,DF,CRO,19.38,4.89,4.71,23.21,5.33,16.82,7.34,3
680,Abdulaziz Hatem,MF,QAT,20.47,5.26,4.69,20.47,5.26,,,10
681,Ajdin Hrustic,FW,AUS,20.7,5.35,4.65,20.7,5.35,,,10
682,César Montes,DF,MEX,20.05,5.14,4.63,19.23,7.03,20.6,7.17,4
683,Seol Young-woo,DF,KOR,20.05,5.14,4.63,19.23,7.03,20.6,7.17,18
684,Jens Castrop,DF,KOR,20.05,5.14,4.63,19.23,7.03,20.6,7.17,2
685,Issa Diop,DF,MAR,20.05,5.14,4.63,19.23,7.03,20.6,7.17,4
686,Ché Adams,FW,SCO,20.05,5.14,4.63,19.23,7.03,20.6,7.17,8
687,John Stones,DF,ENG,20.05,5.14,4.63,19.23,7.03,20.6,7.17,4
688,Jonathan Osorio,MF,CAN,17.54,4.31,4.61,11.82,7.34,21.36,5.25,4
689,Oh Hyeon-gyu,FW,KOR,20.18,5.2,4.58,17.73,6.92,21.82,7.34,12
690,Deveron Fonville,DF,CUW,20.8,5.41,4.57,20.8,5.41,,,1
691,Joel Waterman,DF,CAN,20.37,5.3,4.47,20.37,5.3,,,2
692,Francis de Vries,DF,NZL,20.39,5.31,4.46,20.39,5.31,,,6
693,Yassin Fortuné,FW,HAI,20.12,5.24,4.4,20.12,5.24,,,4
694,Eray Cömert,DF,SUI,20.29,5.3,4.39,20.29,5.3,,,4
695,Fabián Balbuena,DF,PAR,20.56,5.4,4.36,20.56,5.4,,,10
696,Jacob Italiano,DF,AUS,20.23,5.29,4.36,20.23,5.29,,,3
697,Prince Kwabena Adu,FW,GHA,18.98,4.89,4.31,22.23,5.34,16.82,7.34,4
698,Tete Yengi,FW,AUS,20.13,5.28,4.29,20.13,5.28,,,1
699,Mohamed Manai,FW,QAT,20.42,5.38,4.28,20.42,5.38,,,8
700,Omar Rekik,DF,TUN,19.91,5.22,4.25,19.91,5.22,,,3
701,Ricardo Adé,DF,HAI,19.73,5.18,4.19,19.73,5.18,,,14
702,Ousmane Diomande,DF,CIV,24.45,6.76,4.17,24.45,6.76,,,4
703,Willian Pacho,DF,ECU,24.45,6.76,4.17,24.45,6.76,,,20
704,Ehsan Hajsafi (captain),DF,IRN,19.77,5.2,4.17,19.77,5.2,,,5
705,Leonardo Balerdi,DF,ARG,24.45,6.76,4.17,,,24.45,6.76,0
706,Matheus Nunes,DF,POR,24.45,6.76,4.17,24.45,6.76,,,3
707,Luka Vušković,DF,CRO,24.45,6.76,4.17,24.45,6.76,,,5
708,Jean Michaël Seri,MF,CIV,20.21,5.36,4.13,20.21,5.36,,,5
709,Gilberto Mora,MF,MEX,19.45,5.12,4.09,17.73,6.92,20.6,7.17,3
710,Ermedin Demirović,FW,BIH,25.6,7.17,4.09,25.6,7.17,,,9
711,Waldemar Anton,DF,GER,25.6,7.17,4.09,25.6,7.17,,,5
712,Joshua Kimmich (captain),MF,GER,25.6,7.17,4.09,25.6,7.17,,,9
713,Denil Castillo,MF,ECU,19.45,5.12,4.09,17.73,6.92,20.6,7.17,2
714,Nilson Angulo,FW,ECU,25.6,7.17,4.09,25.6,7.17,,,6
715,Guus Til,MF,NED,19.45,5.12,4.09,17.73,6.92,20.6,7.17,30
716,Shōgo Taniguchi,DF,JPN,19.87,5.26,4.09,19.87,5.26,,,14
717,Tsuyoshi Watanabe,DF,JPN,19.45,5.12,4.09,17.73,6.92,20.6,7.17,8
718,Arthur Theate,DF,BEL,25.6,7.17,4.09,25.6,7.17,,,10
719,David Raya,GK,ESP,25.6,7.17,4.09,25.6,7.17,,,2
720,Mikel Merino,MF,ESP,25.6,7.17,4.09,25.6,7.17,,,8
721,Exequiel Palacios,MF,ARG,25.6,7.17,4.09,25.6,7.17,,,12
722,Kevin Danso,DF,AUT,25.6,7.17,4.09,25.6,7.17,,,8
723,Diogo Dalot,DF,POR,25.6,7.17,4.09,25.6,7.17,,,5
724,Noah Sadiki,MF,COD,25.6,7.17,4.09,25.6,7.17,,,8
725,Daniel Muñoz,DF,COL,25.6,7.17,4.09,25.6,7.17,,,17
726,Richard Ríos,MF,COL,25.6,7.17,4.09,25.6,7.17,,,19
727,James Trafford,GK,ENG,25.6,7.17,4.09,25.6,7.17,,,2
728,Mahmud Abunada,GK,QAT,20.01,5.31,4.08,20.01,5.31,,,5
729,Wilguens Paugain,DF,HAI,19.68,5.21,4.05,19.68,5.21,,,5
730,Michael Boxall,DF,NZL,20.23,5.4,4.03,20.23,5.4,,,5
731,Axel Witsel,MF,BEL,18.38,4.79,4.01,22.54,5.28,15.6,7.17,6
732,Orlando Mosquera,GK,PAN,19.46,5.15,4.01,19.46,5.15,,,10
733,Ayoub Al-Oui,DF,QAT,20.1,5.39,3.93,20.1,5.39,,,6
734,Sipho Chaine,GK,RSA,19.96,5.35,3.91,19.96,5.35,,,1
735,Umar Eshmurodov,DF,UZB,19.51,5.2,3.91,19.51,5.2,,,10
736,Aníbal Godoy (captain),MF,PAN,16.6,4.24,3.88,10.6,7.17,20.6,5.21,10
737,Tahsin Jamshid,FW,QAT,19.62,5.27,3.81,19.62,5.27,,,3
738,Nuno da Costa,FW,CPV,20.02,5.42,3.76,20.02,5.42,,,4
739,Craig Gordon,GK,SCO,19.65,5.34,3.63,19.65,5.34,,,3
740,Oliver Baumann,GK,GER,19.56,5.31,3.63,19.56,5.31,,,9
741,Nabil Emad,MF,EGY,19.6,5.33,3.61,19.6,5.33,,,2
742,Hossein Hosseini,GK,IRN,19.41,5.28,3.57,19.41,5.28,,,4
743,Vladimír Darida,MF,CZE,19.27,5.25,3.52,19.27,5.25,,,3
744,João Paulo,DF,CPV,19.96,5.5,3.46,19.96,5.5,,,12
745,Dylan Batubinsika,DF,COD,19.18,5.26,3.4,19.18,5.26,,,5
746,Richie Laryea,DF,CAN,19.53,5.38,3.39,19.53,5.38,,,5
747,Ahmed Basil,GK,IRQ,19.03,5.25,3.28,19.03,5.25,,,11
748,Milad Mohammadi,DF,IRN,16.41,4.41,3.18,12.84,7.53,18.79,5.38,17
749,Luca Zidane,GK,ALG,19.02,5.28,3.18,19.02,5.28,,,3
750,Santiago Giménez,FW,MEX,24.23,7.03,3.14,24.23,7.03,,,1
751,Thapelo Maseko,FW,RSA,19.19,5.35,3.14,19.19,5.35,,,2
752,Promise David,FW,CAN,24.23,7.03,3.14,24.23,7.03,,,2
753,Kerim Alajbegović,MF,BIH,24.23,7.03,3.14,24.23,7.03,,,9
754,Samir El Mourabet,MF,MAR,24.23,7.03,3.14,24.23,7.03,,,4
755,Malik Tillman,MF,USA,24.23,7.03,3.14,24.23,7.03,,,4
756,Orkun Kökçü,MF,TUR,24.23,7.03,3.14,24.23,7.03,,,9
757,Mats Wieffer,DF,NED,24.23,7.03,3.14,24.23,7.03,,,2
758,Maximiliano Araújo,MF,URU,24.23,7.03,3.14,24.23,7.03,,,17
759,Pape Matar Sarr,MF,SEN,24.23,7.03,3.14,24.23,7.03,,,13
760,El Hadji Malick Diouf,DF,SEN,24.23,7.03,3.14,24.23,7.03,,,7
761,David Affengruber,DF,AUT,24.23,7.03,3.14,24.23,7.03,,,1
762,Carney Chukwuemeka,MF,AUT,24.23,7.03,3.14,24.23,7.03,,,3
763,Marten de Roon,MF,NED,17.34,4.8,2.94,19.95,5.34,15.6,7.17,1
764,Mathieu Choinière,MF,CAN,19.07,5.4,2.87,19.07,5.4,,,3
765,Eloy Room,GK,CUW,19.04,5.39,2.87,19.04,5.39,,,13
766,Vozinha,GK,CPV,18.59,5.25,2.84,18.59,5.25,,,12
767,Derrick Luckassen,DF,GHA,18.7,5.37,2.59,18.7,5.37,,,1
768,Ramy Rabia,DF,EGY,18.63,5.36,2.55,18.63,5.36,,,10
769,Fahad Talib,GK,IRQ,18.43,5.33,2.44,18.43,5.33,,,2
770,Ahmed Yahya,DF,IRQ,18.16,5.3,2.26,18.16,5.3,,,5
771,Ronwen Williams (captain),GK,RSA,18.13,5.31,2.2,18.13,5.31,,,12
772,Nour Bani Attiah,GK,JOR,17.92,5.29,2.05,17.92,5.29,,,2
773,Kim Min-jae,DF,KOR,22.73,6.92,1.97,22.73,6.92,,,14
774,Lee Kang-in,MF,KOR,22.73,6.92,1.97,22.73,6.92,,,18
775,Marquinhos,DF,BRA,22.73,6.92,1.97,22.73,6.92,,,20
776,Luiz Henrique,FW,BRA,22.73,6.92,1.97,22.73,6.92,,,13
777,David Raum,DF,GER,22.73,6.92,1.97,22.73,6.92,,,9
778,Amad Diallo,FW,CIV,22.73,6.92,1.97,,,22.73,6.92,0
779,Isak Hien,DF,SWE,22.73,6.92,1.97,22.73,6.92,,,8
780,Gavi,MF,ESP,22.73,6.92,1.97,22.73,6.92,,,2
781,Ronald Araújo,DF,URU,22.73,6.92,1.97,22.73,6.92,,,10
782,Facundo Medina,DF,ARG,22.73,6.92,1.97,22.73,6.92,,,6
783,Trevor Doornbusch,GK,CUW,17.74,5.27,1.93,17.74,5.27,,,2
784,Patrick Beach,GK,AUS,17.68,5.26,1.9,17.68,5.26,,,1
785,Timothy Fayulu,GK,COD,17.65,5.26,1.87,17.65,5.26,,,1
786,Ricardo Goss,GK,RSA,17.64,5.26,1.86,17.64,5.26,,,1
787,Gastón Olveira,GK,PAR,17.64,5.26,1.86,17.64,5.26,,,1
788,Fernando Muslera,GK,URU,17.64,5.26,1.86,17.64,5.26,,,1
789,Ante Budimir,FW,CRO,17.84,5.43,1.55,17.84,7.53,17.84,7.53,45
790,Gustavo Caballero,MF,PAR,16.43,4.97,1.52,21.81,5.18,12.84,7.53,2
791,Borja Iglesias,FW,ESP,17.91,5.49,1.44,16.82,7.34,18.64,7.74,43
792,Cédric Bakambu,FW,COD,16.42,5.14,1.0,18.64,7.74,14.94,6.84,12
793,Sherzod Esanov,MF,UZB,17.32,5.49,0.85,17.32,5.49,,,1
794,Bremer,DF,BRA,21.13,6.83,0.64,21.13,6.83,,,3
795,Tyler Adams,MF,USA,21.13,6.83,0.64,21.13,6.83,,,2
796,Antonee Robinson,DF,USA,21.13,6.83,0.64,21.13,6.83,,,4
797,Diego Gómez,MF,PAR,21.13,6.83,0.64,21.13,6.83,,,17
798,Barış Alper Yılmaz,FW,TUR,21.13,6.83,0.64,21.13,6.83,,,7
799,Frenkie de Jong,MF,NED,21.13,6.83,0.64,21.13,6.83,,,9
800,Adrien Rabiot,MF,FRA,21.13,6.83,0.64,21.13,6.83,,,6
801,Mamadou Sarr,DF,SEN,21.13,6.83,0.64,21.13,6.83,,,4
802,Kristoffer Ajer,DF,NOR,21.13,6.83,0.64,21.13,6.83,,,12
803,Paul Wanner,MF,AUT,21.13,6.83,0.64,21.13,6.83,,,3
804,Guillermo Martínez,FW,MEX,16.88,5.43,0.59,14.23,7.03,18.64,7.74,75
805,Yaimar Medina,DF,ECU,16.33,5.26,0.55,15.6,7.17,16.82,7.34,4
806,Anas Badawi,DF,JOR,16.9,5.45,0.55,16.9,5.45,,,1
807,Lenny Joseph,FW,HAI,16.09,5.21,0.46,16.82,7.34,15.6,7.17,2
808,Taha Ali,FW,SWE,16.09,5.21,0.46,16.82,7.34,15.6,7.17,1
809,Édouard Mendy,GK,SEN,16.4,5.32,0.44,14.23,7.03,17.84,7.53,10
810,Bae Jun-ho,MF,KOR,15.99,5.23,0.3,18.64,7.74,14.23,7.03,10
811,César Samudio,GK,PAN,16.52,5.41,0.29,16.52,5.41,,,1
812,Akram Afif,FW,QAT,22.84,7.53,0.25,22.84,7.53,,,21
813,Jean-Ricner Bellegarde,MF,HAI,22.84,7.53,0.25,22.84,7.53,,,10
814,Miguel Almirón,MF,PAR,22.84,7.53,0.25,22.84,7.53,,,19
815,Keito Nakamura,MF,JPN,22.84,7.53,0.25,22.84,7.53,,,17
816,Hans Vanaken,MF,BEL,22.84,7.53,0.25,22.84,7.53,,,9
817,Mehdi Ghayedi,FW,IRN,22.84,7.53,0.25,22.84,7.53,,,14
818,Riyad Mahrez (captain),FW,ALG,22.84,7.53,0.25,22.84,7.53,,,11
819,Marcel Sabitzer,MF,AUT,22.84,7.53,0.25,22.84,7.53,,,11
820,Romano Schmid,MF,AUT,22.84,7.53,0.25,22.84,7.53,,,11
821,João Cancelo,DF,POR,22.84,7.53,0.25,22.84,7.53,,,7
822,Caleb Yirenkyi,MF,GHA,22.84,7.53,0.25,22.84,7.53,,,8
823,Rani Khedira,MF,TUN,15.6,5.17,0.09,15.6,7.17,15.6,7.17,3
824,Abdul Rahman Baba,DF,GHA,15.6,5.17,0.09,15.6,7.17,15.6,7.17,1
825,Granit Xhaka (captain),MF,SUI,21.82,7.34,-0.2,21.82,7.34,,,9
826,Casemiro (captain),MF,BRA,21.82,7.34,-0.2,21.82,7.34,,,12
827,Kieran Tierney,DF,SCO,21.82,7.34,-0.2,21.82,7.34,,,6
828,Ben Gannon-Doak,MF,SCO,21.82,7.34,-0.2,21.82,7.34,,,8
829,Isidro Pitta,FW,PAR,21.82,7.34,-0.2,21.82,7.34,,,5
830,Kendry Páez,MF,ECU,21.82,7.34,-0.2,21.82,7.34,,,15
831,Teun Koopmeiners,MF,NED,21.82,7.34,-0.2,21.82,7.34,,,3
832,Daichi Kamada,MF,JPN,21.82,7.34,-0.2,21.82,7.34,,,17
833,Kento Shiogai,FW,JPN,21.82,7.34,-0.2,21.82,7.34,,,2
834,Patrick Berg,MF,NOR,21.82,7.34,-0.2,21.82,7.34,,,11
835,Stefan Posch,DF,AUT,21.82,7.34,-0.2,21.82,7.34,,,10
836,Musa Al-Taamari,FW,JOR,21.82,7.34,-0.2,21.82,7.34,,,17
837,Davinson Sánchez,DF,COL,21.82,7.34,-0.2,21.82,7.34,,,16
838,Jorge Carrascal,MF,COL,21.82,7.34,-0.2,21.82,7.34,,,10
839,Ross Stewart,FW,SCO,14.84,5.06,-0.34,13.71,6.68,15.6,7.17,1
840,Matt Freese,GK,USA,15.05,5.14,-0.37,14.23,7.03,15.6,7.17,2
841,Grant Hanley,DF,SCO,13.28,4.64,-0.64,11.82,7.34,14.26,5.99,6
842,Roberto Alvarado,FW,MEX,20.6,7.17,-0.91,20.6,7.17,,,6
843,David Zima,DF,CZE,20.6,7.17,-0.91,20.6,7.17,,,3
844,Tajon Buchanan,MF,CAN,20.6,7.17,-0.91,20.6,7.17,,,3
845,Esmir Bajraktarević,MF,BIH,20.6,7.17,-0.91,20.6,7.17,,,9
846,Ermin Mahmić,MF,BIH,20.6,7.17,-0.91,20.6,7.17,,,2
847,Douglas Santos,DF,BRA,20.6,7.17,-0.91,20.6,7.17,,,5
848,Chadi Riad,DF,MAR,20.6,7.17,-0.91,20.6,7.17,,,4
849,Haji Wright,FW,USA,20.6,7.17,-0.91,,,20.6,7.17,0
850,Juan José Cáceres,DF,PAR,20.6,7.17,-0.91,20.6,7.17,,,15
851,Maurício,MF,PAR,20.6,7.17,-0.91,20.6,7.17,,,3
852,Orlando Gill,GK,PAR,20.6,7.17,-0.91,20.6,7.17,,,3
853,Alessandro Circati,DF,AUS,20.6,7.17,-0.91,20.6,7.17,,,8
854,Cristian Volpato,FW,AUS,20.6,7.17,-0.91,20.6,7.17,,,1
855,Altay Bayındır,GK,TUR,20.6,7.17,-0.91,20.6,7.17,,,2
856,Antonio Rüdiger,DF,GER,20.6,7.17,-0.91,20.6,7.17,,,3
857,Jeremy Arévalo,FW,ECU,20.6,7.17,-0.91,20.6,7.17,,,3
858,Ayumu Seko,DF,JPN,20.6,7.17,-0.91,20.6,7.17,,,9
859,Daizen Maeda,FW,JPN,20.6,7.17,-0.91,20.6,7.17,,,9
860,Victor Lindelöf (captain),DF,SWE,20.6,7.17,-0.91,20.6,7.17,,,5
861,Viktor Johansson,GK,SWE,20.6,7.17,-0.91,20.6,7.17,,,3
862,Montassar Talbi,DF,TUN,20.6,7.17,-0.91,20.6,7.17,,,12
863,Aymeric Laporte,DF,ESP,20.6,7.17,-0.91,20.6,7.17,,,6
864,José María Giménez (captain),DF,URU,20.6,7.17,-0.91,20.6,7.17,,,11
865,Agustín Canobbio,MF,URU,20.6,7.17,-0.91,20.6,7.17,,,5
866,Joaquín Piquerez,MF,URU,20.6,7.17,-0.91,20.6,7.17,,,8
867,Kalidou Koulibaly (captain),DF,SEN,20.6,7.17,-0.91,20.6,7.17,,,11
868,Torbjørn Heggem,DF,NOR,20.6,7.17,-0.91,20.6,7.17,,,12
869,Henrik Falchener,DF,NOR,20.6,7.17,-0.91,20.6,7.17,,,1
870,Gonzalo Montiel,DF,ARG,20.6,7.17,-0.91,20.6,7.17,,,7
871,Houssem Aouar,MF,ALG,20.6,7.17,-0.91,20.6,7.17,,,7
872,Hicham Boudaoui,MF,ALG,20.6,7.17,-0.91,20.6,7.17,,,9
873,Patrick Wimmer,MF,AUT,20.6,7.17,-0.91,20.6,7.17,,,7
874,Abbosbek Fayzullaev,MF,UZB,20.6,7.17,-0.91,20.6,7.17,,,20
875,Jefferson Lerma,MF,COL,20.6,7.17,-0.91,20.6,7.17,,,17
876,Juan Portilla,MF,COL,20.6,7.17,-0.91,20.6,7.17,,,7
877,Gustavo Puerta,MF,COL,20.6,7.17,-0.91,20.6,7.17,,,4
878,Jordan Pickford,GK,ENG,20.6,7.17,-0.91,20.6,7.17,,,9
879,Marin Pongračić,DF,CRO,20.6,7.17,-0.91,20.6,7.17,,,8
880,Kristijan Jakić,MF,CRO,20.6,7.17,-0.91,20.6,7.17,,,7
881,Kojo Peprah Oppong,DF,GHA,20.6,7.17,-0.91,20.6,7.17,,,3
882,José Córdoba,DF,PAN,20.6,7.17,-0.91,20.6,7.17,,,8
883,Guillermo Ochoa,GK,MEX,13.42,4.79,-0.95,17.64,5.26,10.6,7.17,1
884,Raúl Rangel,GK,MEX,19.23,7.03,-1.86,19.23,7.03,,,8
885,Álvaro Fidalgo,MF,MEX,19.23,7.03,-1.86,19.23,7.03,,,4
886,Armando González,FW,MEX,19.23,7.03,-1.86,19.23,7.03,,,6
887,Luis Chávez,MF,MEX,19.23,7.03,-1.86,19.23,7.03,,,3
888,Štěpán Chaloupek,DF,CZE,19.23,7.03,-1.86,19.23,7.03,,,5
889,Tomáš Souček,MF,CZE,19.23,7.03,-1.86,19.23,7.03,,,11
890,Neymar,FW,BRA,19.23,7.03,-1.86,19.23,7.03,,,4
891,Anass Salah-Eddine,DF,MAR,19.23,7.03,-1.86,19.23,7.03,,,3
892,Redouane Halhal,DF,MAR,19.23,7.03,-1.86,19.23,7.03,,,3
893,Mark McKenzie,DF,USA,19.23,7.03,-1.86,19.23,7.03,,,4
894,Andrés Cubas,MF,PAR,19.23,7.03,-1.86,19.23,7.03,,,15
895,Eren Elmalı,DF,TUR,19.23,7.03,-1.86,19.23,7.03,,,6
896,Abdülkerim Bardakcı,DF,TUR,19.23,7.03,-1.86,19.23,7.03,,,8
897,Alexander Nübel,GK,GER,19.23,7.03,-1.86,19.23,7.03,,,1
898,Yahia Fofana,GK,CIV,19.23,7.03,-1.86,19.23,7.03,,,11
899,Pervis Estupiñán,DF,ECU,19.23,7.03,-1.86,19.23,7.03,,,17
900,Memphis Depay,FW,NED,19.23,7.03,-1.86,19.23,7.03,,,9
901,Eric Smith,DF,SWE,19.23,7.03,-1.86,19.23,7.03,,,2
902,Dodi Lukébakio,FW,BEL,19.23,7.03,-1.86,19.23,7.03,,,5
903,Brian Rodríguez,FW,URU,19.23,7.03,-1.86,19.23,7.03,,,9
904,Brice Samba,GK,FRA,19.23,7.03,-1.86,19.23,7.03,,,1
905,Leandro Paredes,MF,ARG,19.23,7.03,-1.86,19.23,7.03,,,15
906,Rafik Belghali,DF,ALG,19.23,7.03,-1.86,19.23,7.03,,,5
907,Cristiano Ronaldo (captain),FW,POR,19.23,7.03,-1.86,19.23,7.03,,,6
908,Toni Fruk,MF,CRO,19.23,7.03,-1.86,19.23,7.03,,,7
909,Petar Musa,FW,CRO,19.23,7.03,-1.86,19.23,7.03,,,5
910,Brandon Thomas-Asante,FW,GHA,19.23,7.03,-1.86,19.23,7.03,,,4
911,Christopher Bonsu Baah,FW,GHA,19.23,7.03,-1.86,19.23,7.03,,,6
912,Ernest Nuamah,FW,GHA,19.23,7.03,-1.86,19.23,7.03,,,6
913,Owen Goodman,GK,CAN,15.34,6.11,-2.99,,,15.34,6.11,0
914,Lyle Foster,FW,RSA,17.73,6.92,-3.03,17.73,6.92,,,9
915,Léo Pereira,DF,BRA,17.73,6.92,-3.03,17.73,6.92,,,4
916,Nayef Aguerd,DF,MAR,17.73,6.92,-3.03,17.73,6.92,,,7
917,Sebastian Berhalter,MF,USA,17.73,6.92,-3.03,17.73,6.92,,,4
918,Maximilian Arfsten,DF,USA,17.73,6.92,-3.03,17.73,6.92,,,4
919,Parfait Guiagon,MF,CIV,17.73,6.92,-3.03,17.73,6.92,,,2
920,Oumar Diakité,FW,CIV,17.73,6.92,-3.03,17.73,6.92,,,8
921,Mark Flekken,GK,NED,17.73,6.92,-3.03,17.73,6.92,,,4
922,Virgil van Dijk (captain),DF,NED,17.73,6.92,-3.03,17.73,6.92,,,12
923,Sebastian Tounekti,FW,TUN,17.73,6.92,-3.03,17.73,6.92,,,6
924,Thibaut Courtois,GK,BEL,17.73,6.92,-3.03,17.73,6.92,,,6
925,Nicolas Raskin,MF,BEL,17.73,6.92,-3.03,17.73,6.92,,,11
926,David Møller Wolfe,DF,NOR,17.73,6.92,-3.03,17.73,6.92,,,12
927,Fredrik Aursnes,MF,NOR,17.73,6.92,-3.03,17.73,6.92,,,2
928,Jaouen Hadjam,DF,ALG,17.73,6.92,-3.03,17.73,6.92,,,6
929,Josip Šutalo,DF,CRO,17.73,6.92,-3.03,17.73,6.92,,,8
930,Ahmed Fatouh,DF,EGY,12.55,5.38,-3.59,13.64,7.74,11.82,7.34,4
931,Tyrese Noslin,MF,CUW,11.45,5.14,-3.97,11.82,7.34,11.21,7.03,6
932,Liam Kelly,GK,SCO,11.33,5.26,-4.45,10.6,7.17,11.82,7.34,2
933,Lee Jae-sung,MF,KOR,18.64,7.74,-4.58,18.64,7.74,,,19
934,Frantzdy Pierrot,FW,HAI,18.64,7.74,-4.58,18.64,7.74,,,14
935,Júnior Alonso,DF,PAR,18.64,7.74,-4.58,18.64,7.74,,,16
936,Elias Saad,FW,TUN,18.64,7.74,-4.58,18.64,7.74,,,9
937,Mohammad Mohebi,MF,IRN,18.64,7.74,-4.58,18.64,7.74,,,14
938,Mehdi Taremi,FW,IRN,18.64,7.74,-4.58,18.64,7.74,,,23
939,Salem Al-Dawsari (captain),FW,KSA,18.64,7.74,-4.58,18.64,7.74,,,21
940,Oston Urunov,MF,UZB,18.64,7.74,-4.58,18.64,7.74,,,16
941,Jorge Sánchez,DF,MEX,17.84,7.53,-4.75,17.84,7.53,,,5
942,Thalente Mbatha,MF,RSA,17.84,7.53,-4.75,17.84,7.53,,,8
943,Jayden Adams,MF,RSA,17.84,7.53,-4.75,17.84,7.53,,,5
944,Evidence Makgopa,FW,RSA,17.84,7.53,-4.75,17.84,7.53,,,5
945,Mojmír Chytil,FW,CZE,17.84,7.53,-4.75,17.84,7.53,,,4
946,Remo Freuler,MF,SUI,17.84,7.53,-4.75,17.84,7.53,,,8
947,Jean-Kévin Duverne,DF,HAI,17.84,7.53,-4.75,17.84,7.53,,,11
948,Josué Casimir,FW,HAI,17.84,7.53,-4.75,17.84,7.53,,,7
949,Álex Arce,FW,PAR,17.84,7.53,-4.75,17.84,7.53,,,8
950,Juninho Bacuna,MF,CUW,17.84,7.53,-4.75,17.84,7.53,,,13
951,Tahith Chong,FW,CUW,17.84,7.53,-4.75,17.84,7.53,,,5
952,Emam Ashour,MF,EGY,17.84,7.53,-4.75,17.84,7.53,,,6
953,Zizo,FW,EGY,17.84,7.53,-4.75,17.84,7.53,,,13
954,Aria Yousefi,DF,IRN,17.84,7.53,-4.75,17.84,7.53,,,11
955,Mohamed Amine Tougai,DF,ALG,17.84,7.53,-4.75,17.84,7.53,,,8
956,Andrés Andrade,DF,PAN,17.84,7.53,-4.75,17.84,7.53,,,11
957,Avazbek Ulmasaliev,DF,UZB,10.6,5.17,-4.91,10.6,7.17,10.6,7.17,1
958,Roderick Miller,DF,PAN,10.6,5.17,-4.91,10.6,7.17,10.6,7.17,5
959,Jesús Gallardo,DF,MEX,16.82,7.34,-5.2,16.82,7.34,,,8
960,Paik Seung-ho,MF,KOR,16.82,7.34,-5.2,16.82,7.34,,,10
961,Amir Hadžiahmetović,MF,BIH,16.82,7.34,-5.2,16.82,7.34,,,6
962,Ivan Šunjić,MF,BIH,16.82,7.34,-5.2,16.82,7.34,,,8
963,Samed Baždar,FW,BIH,16.82,7.34,-5.2,16.82,7.34,,,9
964,Anthony Ralston,DF,SCO,16.82,7.34,-5.2,16.82,7.34,,,6
965,Braian Ojeda,MF,PAR,16.82,7.34,-5.2,16.82,7.34,,,6
966,Matías Galarza,MF,PAR,16.82,7.34,-5.2,16.82,7.34,,,10
967,Alexandro Maidana,DF,PAR,16.82,7.34,-5.2,16.82,7.34,,,2
968,Kai Trewin,DF,AUS,16.82,7.34,-5.2,16.82,7.34,,,4
969,Harry Souttar,DF,AUS,16.82,7.34,-5.2,16.82,7.34,,,13
970,Paul Okon-Engstler,MF,AUS,16.82,7.34,-5.2,16.82,7.34,,,4
971,Samet Akaydin,DF,TUR,16.82,7.34,-5.2,16.82,7.34,,,5
972,Junnosuke Suzuki,DF,JPN,16.82,7.34,-5.2,16.82,7.34,,,6
973,Kōki Ogawa,FW,JPN,16.82,7.34,-5.2,16.82,7.34,,,13
974,Marwan Attia,MF,EGY,16.82,7.34,-5.2,16.82,7.34,,,12
975,Hossein Kanaanizadegan,DF,IRN,16.82,7.34,-5.2,16.82,7.34,,,16
976,Finn Surman,DF,NZL,16.82,7.34,-5.2,16.82,7.34,,,5
977,Telmo Arcanjo,MF,CPV,16.82,7.34,-5.2,16.82,7.34,,,8
978,Federico Viñas,FW,URU,16.82,7.34,-5.2,16.82,7.34,,,7
979,Pathé Ciss,MF,SEN,16.82,7.34,-5.2,16.82,7.34,,,9
980,Chancel Mbemba (captain),DF,COD,16.82,7.34,-5.2,16.82,7.34,,,15
981,Akmal Mozgovoy,MF,UZB,16.82,7.34,-5.2,16.82,7.34,,,11
982,Sherzod Nasrullaev,DF,UZB,16.82,7.34,-5.2,16.82,7.34,,,18
983,Luka Modrić (captain),MF,CRO,16.82,7.34,-5.2,16.82,7.34,,,12
984,Marvin Senaya,DF,GHA,16.82,7.34,-5.2,16.82,7.34,,,2
985,Nkosinathi Sibisi,DF,RSA,15.6,7.17,-5.91,15.6,7.17,,,7
986,Kamogelo Sebelebele,DF,RSA,15.6,7.17,-5.91,15.6,7.17,,,3
987,Iqraam Rayners,FW,RSA,15.6,7.17,-5.91,15.6,7.17,,,7
988,Kim Tae-hyeon,DF,KOR,15.6,7.17,-5.91,15.6,7.17,,,2
989,Hugo Sochůrek,MF,CZE,15.6,7.17,-5.91,15.6,7.17,,,1
990,Dayne St. Clair,GK,CAN,15.6,7.17,-5.91,15.6,7.17,,,2
991,Martin Zlomislić,GK,BIH,15.6,7.17,-5.91,15.6,7.17,,,1
992,Nihad Mujakić,DF,BIH,15.6,7.17,-5.91,15.6,7.17,,,6
993,Stjepan Radeljić,DF,BIH,15.6,7.17,-5.91,15.6,7.17,,,4
994,Armin Gigović,MF,BIH,15.6,7.17,-5.91,15.6,7.17,,,10
995,Ricardo Rodriguez,DF,SUI,15.6,7.17,-5.91,15.6,7.17,,,9
996,Lawrence Shankland,FW,SCO,15.6,7.17,-5.91,15.6,7.17,,,4
997,Giovanni Reyna,MF,USA,15.6,7.17,-5.91,15.6,7.17,,,4
998,Miles Robinson,DF,USA,15.6,7.17,-5.91,15.6,7.17,,,2
999,Cristian Roldan,MF,USA,15.6,7.17,-5.91,15.6,7.17,,,4
1000,Alex Freeman,DF,USA,15.6,7.17,-5.91,15.6,7.17,,,4
1001,Aiden O'Neill,MF,AUS,15.6,7.17,-5.91,15.6,7.17,,,14
1002,Cameron Burgess,DF,AUS,15.6,7.17,-5.91,15.6,7.17,,,16
1003,Salih Özcan,MF,TUR,15.6,7.17,-5.91,15.6,7.17,,,7
1004,Armando Obispo,DF,CUW,15.6,7.17,-5.91,15.6,7.17,,,5
1005,Anthony Valencia,MF,ECU,15.6,7.17,-5.91,15.6,7.17,,,3
1006,Wout Weghorst,FW,NED,15.6,7.17,-5.91,15.6,7.17,,,9
1007,Tomoki Hayakawa,GK,JPN,15.6,7.17,-5.91,15.6,7.17,,,3
1008,Jacob Widell Zetterström,GK,SWE,15.6,7.17,-5.91,15.6,7.17,,,2
1009,Adem Arous,DF,TUN,15.6,7.17,-5.91,15.6,7.17,,,2
1010,Mortadha Ben Ouanes,MF,TUN,15.6,7.17,-5.91,15.6,7.17,,,6
1011,Firas Chaouat,FW,TUN,15.6,7.17,-5.91,15.6,7.17,,,10
1012,Hamza Abdelkarim,FW,EGY,15.6,7.17,-5.91,15.6,7.17,,,2
1013,Mohanad Lasheen,MF,EGY,15.6,7.17,-5.91,15.6,7.17,,,8
1014,Mahmoud Saber,MF,EGY,15.6,7.17,-5.91,15.6,7.17,,,7
1015,Mostafa Shobeir,GK,EGY,15.6,7.17,-5.91,15.6,7.17,,,5
1016,Amirmohammad Razzaghinia,MF,IRN,15.6,7.17,-5.91,15.6,7.17,,,3
1017,Gilson Benchimol,FW,CPV,15.6,7.17,-5.91,15.6,7.17,,,1
1018,Hélio Varela,FW,CPV,15.6,7.17,-5.91,15.6,7.17,,,9
1019,Hassan Al-Tambakti,DF,KSA,15.6,7.17,-5.91,15.6,7.17,,,20
1020,Khalid Al-Ghannam,FW,KSA,15.6,7.17,-5.91,15.6,7.17,,,4
1021,Jehad Thakri,DF,KSA,15.6,7.17,-5.91,15.6,7.17,,,6
1022,Bara Sapoko Ndiaye,MF,SEN,15.6,7.17,-5.91,15.6,7.17,,,1
1023,Marko Farji,FW,IRQ,15.6,7.17,-5.91,15.6,7.17,,,10
1024,Egil Selvik,GK,NOR,15.6,7.17,-5.91,15.6,7.17,,,2
1025,Juan Musso,GK,ARG,15.6,7.17,-5.91,15.6,7.17,,,2
1026,Phillipp Mwene,DF,AUT,15.6,7.17,-5.91,15.6,7.17,,,8
1027,Michael Svoboda,DF,AUT,15.6,7.17,-5.91,15.6,7.17,,,2
1028,Charles Pickel,MF,COD,15.6,7.17,-5.91,15.6,7.17,,,13
1029,Azizjon Ganiev,MF,UZB,15.6,7.17,-5.91,15.6,7.17,,,5
1030,Dan Burn,DF,ENG,15.6,7.17,-5.91,15.6,7.17,,,7
1031,Jordan Henderson,MF,ENG,15.6,7.17,-5.91,15.6,7.17,,,8
1032,Ivan Perišić,FW,CRO,15.6,7.17,-5.91,15.6,7.17,,,12
1033,Lawrence Ati-Zigi,GK,GHA,15.6,7.17,-5.91,15.6,7.17,,,4
1034,Abdul Mumin,DF,GHA,15.6,7.17,-5.91,15.6,7.17,,,3
1035,Kwasi Sibo,MF,GHA,15.6,7.17,-5.91,15.6,7.17,,,7
1036,César Blackman,DF,PAN,15.6,7.17,-5.91,15.6,7.17,,,10
1037,Adalberto Carrasquilla,MF,PAN,15.6,7.17,-5.91,15.6,7.17,,,10
1038,Raúl Jiménez,FW,MEX,14.23,7.03,-6.86,14.23,7.03,,,3
1039,Mateo Chávez,DF,MEX,14.23,7.03,-6.86,14.23,7.03,,,3
1040,César Huerta,FW,MEX,14.23,7.03,-6.86,14.23,7.03,,,1
1041,Khuliso Mudau,DF,RSA,14.23,7.03,-6.86,14.23,7.03,,,10
1042,Ime Okon,DF,RSA,14.23,7.03,-6.86,14.23,7.03,,,3
1043,Tshepang Moremi,FW,RSA,14.23,7.03,-6.86,14.23,7.03,,,4
1044,Lee Tae-seok,DF,KOR,14.23,7.03,-6.86,14.23,7.03,,,7
1045,Derek Cornelius,DF,CAN,14.23,7.03,-6.86,14.23,7.03,,,4
1046,Liam Millar,MF,CAN,14.23,7.03,-6.86,14.23,7.03,,,4
1047,Jayden Nelson,MF,CAN,14.23,7.03,-6.86,14.23,7.03,,,3
1048,Dženis Burnić,MF,BIH,14.23,7.03,-6.86,14.23,7.03,,,10
1049,Yvon Mvogo,GK,SUI,14.23,7.03,-6.86,14.23,7.03,,,2
1050,Youssef Belammari,DF,MAR,14.23,7.03,-6.86,14.23,7.03,,,5
1051,José Canale,DF,PAR,14.23,7.03,-6.86,14.23,7.03,,,2
1052,Yan Valery,DF,TUN,14.23,7.03,-6.86,14.23,7.03,,,5
1053,Mohamed Abdelmonem,DF,EGY,14.23,7.03,-6.86,14.23,7.03,,,9
1054,Tyler Bindon,DF,NZL,14.23,7.03,-6.86,14.23,7.03,,,8
1055,Joe Bell,MF,NZL,14.23,7.03,-6.86,14.23,7.03,,,7
1056,Elijah Just,MF,NZL,14.23,7.03,-6.86,14.23,7.03,,,9
1057,Santiago Mele,GK,URU,14.23,7.03,-6.86,14.23,7.03,,,4
1058,Ahmed Qasem,FW,IRQ,14.23,7.03,-6.86,14.23,7.03,,,3
1059,Sondre Langås,DF,NOR,14.23,7.03,-6.86,14.23,7.03,,,1
1060,Samir Chergui,DF,ALG,14.23,7.03,-6.86,14.23,7.03,,,1
1061,Michael Gregoritsch,FW,AUT,14.23,7.03,-6.86,14.23,7.03,,,11
1062,Saša Kalajdžić,FW,AUT,14.23,7.03,-6.86,14.23,7.03,,,3
1063,Santiago Arias,DF,COL,14.23,7.03,-6.86,14.23,7.03,,,7
1064,Elisha Owusu,MF,GHA,14.23,7.03,-6.86,14.23,7.03,,,7
1065,Joshua Brenet,DF,CUW,14.22,7.93,-9.57,14.22,7.93,,,9
1066,Kenji Gorré,FW,CUW,14.22,7.93,-9.57,14.22,7.93,,,10
1067,Gervane Kastaneer,FW,CUW,14.22,7.93,-9.57,14.22,7.93,,,10
1068,Yazan Al-Arab,DF,JOR,14.22,7.93,-9.57,14.22,7.93,,,18
1069,Noor Al-Rawabdeh,MF,JOR,14.22,7.93,-9.57,14.22,7.93,,,16
1070,Jordan Ayew (captain),FW,GHA,14.22,7.93,-9.57,14.22,7.93,,,13
1071,Yoel Bárcenas,MF,PAN,14.22,7.93,-9.57,14.22,7.93,,,11
1072,Ahmed Fathy,MF,QAT,13.64,7.74,-9.58,13.64,7.74,,,18
1073,Duckens Nazon,FW,HAI,13.64,7.74,-9.58,13.64,7.74,,,14
1074,Nishan Velupillay,FW,AUS,13.64,7.74,-9.58,13.64,7.74,,,7
1075,Juriën Gaari,DF,CUW,13.64,7.74,-9.58,13.64,7.74,,,13
1076,Kevin Felida,MF,CUW,13.64,7.74,-9.58,13.64,7.74,,,5
1077,Enner Valencia (captain),FW,ECU,13.64,7.74,-9.58,13.64,7.74,,,17
1078,Shahriyar Moghanlou,FW,IRN,13.64,7.74,-9.58,13.64,7.74,,,13
1079,Stopira,DF,CPV,13.64,7.74,-9.58,13.64,7.74,,,3
1080,Dailon Livramento,FW,CPV,13.64,7.74,-9.58,13.64,7.74,,,11
1081,Abdoulaye Seck,DF,SEN,13.64,7.74,-9.58,13.64,7.74,,,6
1082,Rebin Sulaka,DF,IRQ,13.64,7.74,-9.58,13.64,7.74,,,19
1083,Zaid Tahseen,DF,IRQ,13.64,7.74,-9.58,13.64,7.74,,,19
1084,Ibrahim Bayesh,MF,IRQ,13.64,7.74,-9.58,13.64,7.74,,,23
1085,Jalal Hassan (captain),GK,IRQ,13.64,7.74,-9.58,13.64,7.74,,,19
1086,Zidane Iqbal,MF,IRQ,13.64,7.74,-9.58,13.64,7.74,,,15
1087,Nicolás Otamendi,DF,ARG,13.64,7.74,-9.58,13.64,7.74,,,20
1088,Achref Abada,DF,ALG,13.64,7.74,-9.58,13.64,7.74,,,7
1089,Odeh Al-Fakhouri,FW,JOR,13.64,7.74,-9.58,13.64,7.74,,,9
1090,Mohannad Abu Taha,MF,JOR,13.64,7.74,-9.58,13.64,7.74,,,21
1091,Ahmed Alaaeldin,FW,QAT,12.84,7.53,-9.75,12.84,7.53,,,8
1092,Carl Sainté,MF,HAI,12.84,7.53,-9.75,12.84,7.53,,,7
1093,Ruben Providence,FW,HAI,12.84,7.53,-9.75,12.84,7.53,,,11
1094,Angus Gunn,GK,SCO,12.84,7.53,-9.75,12.84,7.53,,,6
1095,Jason Geria,DF,AUS,12.84,7.53,-9.75,12.84,7.53,,,11
1096,Rayan Elloumi,FW,TUN,12.84,7.53,-9.75,12.84,7.53,,,4
1097,Saleh Hardani,DF,IRN,12.84,7.53,-9.75,12.84,7.53,,,13
1098,Max Crocombe,GK,NZL,12.84,7.53,-9.75,12.84,7.53,,,7
1099,Matthew Garbett,MF,NZL,12.84,7.53,-9.75,12.84,7.53,,,7
1100,Nando Pijnaker,DF,NZL,12.84,7.53,-9.75,12.84,7.53,,,3
1101,Lachlan Bayliss,MF,NZL,12.84,7.53,-9.75,12.84,7.53,,,4
1102,Yannick Semedo,MF,CPV,12.84,7.53,-9.75,12.84,7.53,,,8
1103,Ryan Mendes (captain),FW,CPV,12.84,7.53,-9.75,12.84,7.53,,,13
1104,Jovane Cabral,FW,CPV,12.84,7.53,-9.75,12.84,7.53,,,9
1105,Nasser Al-Dawsari,MF,KSA,12.84,7.53,-9.75,12.84,7.53,,,20
1106,Abdullah Al-Hamdan,FW,KSA,12.84,7.53,-9.75,12.84,7.53,,,15
1107,Idrissa Gueye,MF,SEN,12.84,7.53,-9.75,12.84,7.53,,,12
1108,Aïssa Mandi,DF,ALG,12.84,7.53,-9.75,12.84,7.53,,,12
1109,Yazeed Abulaila,GK,JOR,12.84,7.53,-9.75,12.84,7.53,,,25
1110,Mahmoud Al-Mardi,FW,JOR,12.84,7.53,-9.75,12.84,7.53,,,24
1111,Ibrahim Sadeh,MF,JOR,12.84,7.53,-9.75,12.84,7.53,,,17
1112,Gédéon Kalulu,DF,COD,12.84,7.53,-9.75,12.84,7.53,,,6
1113,Odiljon Hamrobekov,MF,UZB,12.84,7.53,-9.75,12.84,7.53,,,23
1114,Camilo Vargas,GK,COL,12.84,7.53,-9.75,12.84,7.53,,,17
1115,Benjamin Asare,GK,GHA,12.84,7.53,-9.75,12.84,7.53,,,9
1116,Fidel Escobar,DF,PAN,12.84,7.53,-9.75,12.84,7.53,,,11
1117,Jorge Gutiérrez,DF,PAN,12.84,7.53,-9.75,12.84,7.53,,,9
1118,Azarias Londoño,MF,PAN,12.84,7.53,-9.75,12.84,7.53,,,5
1119,Cecilio Waterman,FW,PAN,12.84,7.53,-9.75,12.84,7.53,,,13
1120,Bradley Cross,DF,RSA,11.82,7.34,-10.2,11.82,7.34,,,1
1121,Kim Seung-gyu,GK,KOR,11.82,7.34,-10.2,11.82,7.34,,,4
1122,Luc de Fougerolles,DF,CAN,11.82,7.34,-10.2,11.82,7.34,,,2
1123,Edin Džeko (captain),FW,BIH,11.82,7.34,-10.2,11.82,7.34,,,9
1124,Issa Laye,DF,QAT,11.82,7.34,-10.2,11.82,7.34,,,4
1125,Ahmed Al-Ganehi,MF,QAT,11.82,7.34,-10.2,11.82,7.34,,,10
1126,Salah Zakaria,GK,QAT,11.82,7.34,-10.2,11.82,7.34,,,2
1127,Meshaal Barsham,GK,QAT,11.82,7.34,-10.2,11.82,7.34,,,15
1128,Al-Hashmi Al-Hussain,DF,QAT,11.82,7.34,-10.2,11.82,7.34,,,6
1129,Mathew Leckie,FW,AUS,11.82,7.34,-10.2,11.82,7.34,,,3
1130,Jackson Irvine,MF,AUS,11.82,7.34,-10.2,11.82,7.34,,,16
1131,Leandro Bacuna (captain),MF,CUW,11.82,7.34,-10.2,11.82,7.34,,,12
1132,Godfried Roemeratoe,MF,CUW,11.82,7.34,-10.2,11.82,7.34,,,12
1133,Brandley Kuwas,FW,CUW,11.82,7.34,-10.2,11.82,7.34,,,6
1134,Moisés Ramírez,GK,ECU,11.82,7.34,-10.2,11.82,7.34,,,3
1135,Kristoffer Nordfeldt,GK,SWE,11.82,7.34,-10.2,11.82,7.34,,,3
1136,Dylan Bronn,DF,TUN,11.82,7.34,-10.2,11.82,7.34,,,5
1137,Hazem Mastouri,FW,TUN,11.82,7.34,-10.2,11.82,7.34,,,8
1138,Mohamed El Shenawy,GK,EGY,11.82,7.34,-10.2,11.82,7.34,,,11
1139,Karim Hafez,DF,EGY,11.82,7.34,-10.2,11.82,7.34,,,2
1140,Tarek Alaa,DF,EGY,11.82,7.34,-10.2,11.82,7.34,,,3
1141,Shojae Khalilzadeh,DF,IRN,11.82,7.34,-10.2,11.82,7.34,,,18
1142,Sarpreet Singh,MF,NZL,11.82,7.34,-10.2,11.82,7.34,,,6
1143,Alex Paulsen,GK,NZL,11.82,7.34,-10.2,11.82,7.34,,,4
1144,Alex Rufer,MF,NZL,11.82,7.34,-10.2,11.82,7.34,,,6
1145,Ryan Thomas,MF,NZL,11.82,7.34,-10.2,11.82,7.34,,,2
1146,Abdullah Al-Khaibari,MF,KSA,11.82,7.34,-10.2,11.82,7.34,,,15
1147,Amer Jamous,MF,JOR,11.82,7.34,-10.2,11.82,7.34,,,12
1148,Mohammad Abu Zrayq,FW,JOR,11.82,7.34,-10.2,11.82,7.34,,,12
1149,Rustam Ashurmatov,DF,UZB,11.82,7.34,-10.2,11.82,7.34,,,16
1150,Jaloliddin Masharipov,MF,UZB,11.82,7.34,-10.2,11.82,7.34,,,14
1151,Jakhongir Urozov,DF,UZB,11.82,7.34,-10.2,11.82,7.34,,,4
1152,Woodensky Pierre,MF,HAI,9.99,6.85,-10.56,9.99,6.85,,,1
1153,Yūto Nagatomo,DF,JPN,9.83,6.83,-10.66,9.83,6.83,,,1
1154,Josué Duverger,GK,HAI,9.68,6.8,-10.72,9.68,6.8,,,1
1155,Themba Zwane,FW,RSA,10.6,7.17,-10.91,10.6,7.17,,,7
1156,Song Bum-keun,GK,KOR,10.6,7.17,-10.91,10.6,7.17,,,1
1157,Hassan Al-Haydos (captain),FW,QAT,10.6,7.17,-10.91,10.6,7.17,,,4
1158,Karim Boudiaf,MF,QAT,10.6,7.17,-10.91,10.6,7.17,,,6
1159,Homam Ahmed,DF,QAT,10.6,7.17,-10.91,10.6,7.17,,,17
1160,Sultan Al-Brake,DF,QAT,10.6,7.17,-10.91,10.6,7.17,,,6
1161,Weverton,GK,BRA,10.6,7.17,-10.91,10.6,7.17,,,1
1162,Keeto Thermoncy,DF,HAI,10.6,7.17,-10.91,10.6,7.17,,,1
1163,Dominique Simon,MF,HAI,10.6,7.17,-10.91,10.6,7.17,,,1
1164,Kenny McLean,MF,SCO,10.6,7.17,-10.91,10.6,7.17,,,8
1165,Gatito Fernández,GK,PAR,10.6,7.17,-10.91,10.6,7.17,,,13
1166,Miloš Degenek,DF,AUS,10.6,7.17,-10.91,10.6,7.17,,,7
1167,Awer Mabil,FW,AUS,10.6,7.17,-10.91,10.6,7.17,,,5
1168,Aziz Behich,DF,AUS,10.6,7.17,-10.91,10.6,7.17,,,17
1169,Sherel Floranus,DF,CUW,10.6,7.17,-10.91,10.6,7.17,,,12
1170,Livano Comenencia,MF,CUW,10.6,7.17,-10.91,10.6,7.17,,,11
1171,Jeremy Antonisse,FW,CUW,10.6,7.17,-10.91,10.6,7.17,,,10
1172,Jürgen Locadia,FW,CUW,10.6,7.17,-10.91,10.6,7.17,,,8
1173,Aymen Dahmen,GK,TUN,10.6,7.17,-10.91,10.6,7.17,,,9
1174,Sabri Ben Hessen,GK,TUN,10.6,7.17,-10.91,10.6,7.17,,,1
1175,Mohamed Amine Ben Hamida,DF,TUN,10.6,7.17,-10.91,10.6,7.17,,,4
1176,Yasser Ibrahim,DF,EGY,10.6,7.17,-10.91,10.6,7.17,,,5
1177,Alireza Beiranvand,GK,IRN,10.6,7.17,-10.91,10.6,7.17,,,15
1178,Jesse Randall,FW,NZL,10.6,7.17,-10.91,10.6,7.17,,,4
1179,Márcio Rosa,GK,CPV,10.6,7.17,-10.91,10.6,7.17,,,2
1180,CJ dos Santos,GK,CPV,10.6,7.17,-10.91,10.6,7.17,,,1
1181,Roberto Lopes,DF,CPV,10.6,7.17,-10.91,10.6,7.17,,,12
1182,Nawaf Al-Aqidi,GK,KSA,10.6,7.17,-10.91,10.6,7.17,,,11
1183,Mohammed Al-Owais,GK,KSA,10.6,7.17,-10.91,10.6,7.17,,,11
1184,Guillermo Varela,DF,URU,10.6,7.17,-10.91,10.6,7.17,,,10
1185,Mory Diaw,GK,SEN,10.6,7.17,-10.91,10.6,7.17,,,3
1186,Mustafa Saadoon,DF,IRQ,10.6,7.17,-10.91,10.6,7.17,,,13
1187,Ørjan Nyland,GK,NOR,10.6,7.17,-10.91,10.6,7.17,,,12
1188,Melvin Mastil,GK,ALG,10.6,7.17,-10.91,10.6,7.17,,,1
1189,Alessandro Schöpf,MF,AUT,10.6,7.17,-10.91,10.6,7.17,,,3
1190,Abdallah Nasib,DF,JOR,10.6,7.17,-10.91,10.6,7.17,,,23
1191,Mo Abualnadi,DF,JOR,10.6,7.17,-10.91,10.6,7.17,,,10
1192,Abdallah Al-Fakhouri,GK,JOR,10.6,7.17,-10.91,10.6,7.17,,,2
1193,Ali Azaizeh,FW,JOR,10.6,7.17,-10.91,10.6,7.17,,,3
1194,Jamshid Iskanderov,MF,UZB,10.6,7.17,-10.91,10.6,7.17,,,9
1195,Botirali Ergashev,GK,UZB,10.6,7.17,-10.91,10.6,7.17,,,1
1196,Dostonbek Khamdamov,MF,UZB,10.6,7.17,-10.91,10.6,7.17,,,2
1197,Abdulla Abdullaev,DF,UZB,10.6,7.17,-10.91,10.6,7.17,,,10
1198,Bekhruz Karimov,DF,UZB,10.6,7.17,-10.91,10.6,7.17,,,2
1199,David Ospina,GK,COL,10.6,7.17,-10.91,10.6,7.17,,,1
1200,Joseph Anang,GK,GHA,10.6,7.17,-10.91,10.6,7.17,,,1
1201,Luis Mejía,GK,PAN,10.6,7.17,-10.91,10.6,7.17,,,5
1202,Jiovany Ramos,DF,PAN,10.6,7.17,-10.91,10.6,7.17,,,6
1203,Edgardo Fariña,DF,PAN,10.6,7.17,-10.91,10.6,7.17,,,5
1204,Alberto Quintero,MF,PAN,10.6,7.17,-10.91,10.6,7.17,,,3
